[{"model": "contenttypes.contenttype", "pk": 1, "fields": {"app_label": "admin", "model": "logentry"}}, {"model": "contenttypes.contenttype", "pk": 2, "fields": {"app_label": "auth", "model": "permission"}}, {"model": "contenttypes.contenttype", "pk": 3, "fields": {"app_label": "auth", "model": "group"}}, {"model": "contenttypes.contenttype", "pk": 4, "fields": {"app_label": "auth", "model": "user"}}, {"model": "contenttypes.contenttype", "pk": 5, "fields": {"app_label": "contenttypes", "model": "contenttype"}}, {"model": "contenttypes.contenttype", "pk": 6, "fields": {"app_label": "sessions", "model": "session"}}, {"model": "contenttypes.contenttype", "pk": 7, "fields": {"app_label": "attendence", "model": "admin"}}, {"model": "contenttypes.contenttype", "pk": 8, "fields": {"app_label": "attendence", "model": "mail"}}, {"model": "contenttypes.contenttype", "pk": 9, "fields": {"app_label": "attendence", "model": "teacher"}}, {"model": "contenttypes.contenttype", "pk": 10, "fields": {"app_label": "attendence", "model": "lab"}}, {"model": "contenttypes.contenttype", "pk": 11, "fields": {"app_label": "attendence", "model": "attendence"}}, {"model": "contenttypes.contenttype", "pk": 12, "fields": {"app_label": "attendence", "model": "course"}}, {"model": "contenttypes.contenttype", "pk": 13, "fields": {"app_label": "attendence", "model": "lattendence"}}, {"model": "contenttypes.contenttype", "pk": 14, "fields": {"app_label": "attendence", "model": "division"}}, {"model": "contenttypes.contenttype", "pk": 15, "fields": {"app_label": "attendence", "model": "classes"}}, {"model": "contenttypes.contenttype", "pk": 16, "fields": {"app_label": "attendence", "model": "lab1"}}, {"model": "contenttypes.contenttype", "pk": 17, "fields": {"app_label": "attendence", "model": "labtimetable"}}, {"model": "contenttypes.contenttype", "pk": 18, "fields": {"app_label": "attendence", "model": "subject"}}, {"model": "contenttypes.contenttype", "pk": 19, "fields": {"app_label": "attendence", "model": "student"}}, {"model": "contenttypes.contenttype", "pk": 20, "fields": {"app_label": "attendence", "model": "divtimetable"}}, {"model": "sessions.session", "pk": "ey9vp371w7n8yr4ujdpe0shiwu47ao1w", "fields": {"session_data": "N2ZlNGE0NTA1YzYzZjg2OGVmYTkxNTk0MzFiMjQ2YmYyNjE3YmQ3Zjp7InN1YmplY3QiOiIxNSIsImRpdmlzaW9uIjoiNCIsImRhdGUiOiIyMDE3LTExLTA3In0=", "expire_date": "2017-11-19T17:16:33Z"}}, {"model": "sessions.session", "pk": "m8mnr0gifi21x22fg9lsoydqzuzunb9w", "fields": {"session_data": "MmMyZmNkMGNjYjBhNDhiNTBjY2RkZDkwN2MyMmRiNGY0M2U4ODA2Mzp7InN1YmplY3QiOiIzIiwiZGl2aXNpb24iOiI0IiwiZGF0ZSI6IjIwMTctMTEtMDUiLCJsaWQiOjF9", "expire_date": "2017-11-21T06:01:15Z"}}, {"model": "attendence.admin", "pk": 1, "fields": {"uname": "admin", "upass": "password", "lastlogin": null}}, {"model": "attendence.teacher", "pk": 1001, "fields": {"tname": "C.S.Nimkar", "designation": "HOD", "contact_mob": "9767898756", "email": "csnimkar@gmail.comu", "tpassword": "password", "lastlogin": null}}, {"model": "attendence.teacher", "pk": 1002, "fields": {"tname": "N.D.Abhyankar", "designation": "professor", "contact_mob": "9678594038", "email": "ndabhyankar@gmail.com", "tpassword": "", "lastlogin": null}}, {"model": "attendence.teacher", "pk": 1003, "fields": {"tname": "Poonam Ponde", "designation": "Prof", "contact_mob": "9876545678", "email": "pponde@gmail.com", "tpassword": "password", "lastlogin": null}}, {"model": "attendence.teacher", "pk": 1004, "fields": {"tname": "Reena Bharati", "designation": "Prof", "contact_mob": "9876567890", "email": "rbharati@gmail.com", "tpassword": "password", "lastlogin": null}}, {"model": "attendence.teacher", "pk": 1005, "fields": {"tname": "Prachi Patekar", "designation": "professor", "contact_mob": "9876543211", "email": "prachi@gmail.com", "tpassword": "prachi", "lastlogin": null}}, {"model": "attendence.teacher", "pk": 1006, "fields": {"tname": "Nagare S.B.", "designation": "Prof", "contact_mob": "9788886759", "email": "sbnagare@gmail.com", "tpassword": "", "lastlogin": null}}, {"model": "attendence.course", "pk": 1, "fields": {"coname": "BSc (Computer Science)", "copattern": 2013}}, {"model": "attendence.course", "pk": 2, "fields": {"coname": "MSc (Computer Science)", "copattern": 2013}}, {"model": "attendence.classes", "pk": 1, "fields": {"clname": "FYBSc", "course": 1}}, {"model": "attendence.classes", "pk": 2, "fields": {"clname": "SYBSc", "course": 1}}, {"model": "attendence.classes", "pk": 3, "fields": {"clname": "TYBSc", "course": 1}}, {"model": "attendence.classes", "pk": 4, "fields": {"clname": "FYMSc", "course": 2}}, {"model": "attendence.classes", "pk": 5, "fields": {"clname": "SYMSc", "course": 2}}, {"model": "attendence.division", "pk": 1, "fields": {"dname": "Div A", "dcapacity": 80, "classes": 1}}, {"model": "attendence.division", "pk": 2, "fields": {"dname": "Div B", "dcapacity": 80, "classes": 1}}, {"model": "attendence.division", "pk": 3, "fields": {"dname": "Div A", "dcapacity": 80, "classes": 2}}, {"model": "attendence.division", "pk": 4, "fields": {"dname": "Div B", "dcapacity": 80, "classes": 2}}, {"model": "attendence.division", "pk": 5, "fields": {"dname": "Div A", "dcapacity": 80, "classes": 3}}, {"model": "attendence.division", "pk": 6, "fields": {"dname": "Div B", "dcapacity": 80, "classes": 3}}, {"model": "attendence.division", "pk": 7, "fields": {"dname": "Div A", "dcapacity": 60, "classes": 4}}, {"model": "attendence.division", "pk": 8, "fields": {"dname": "Div A", "dcapacity": 60, "classes": 5}}, {"model": "attendence.subject", "pk": 1, "fields": {"scode": "101", "sname": "Applied Algebra", "max_lacture": 48, "teacher": 1001, "classes": 2}}, {"model": "attendence.subject", "pk": 2, "fields": {"scode": "102", "sname": "Numerical Analysis", "max_lacture": 48, "teacher": 1001, "classes": 2}}, {"model": "attendence.subject", "pk": 3, "fields": {"scode": "103", "sname": "Data Structure", "max_lacture": 48, "teacher": 1003, "classes": 2}}, {"model": "attendence.subject", "pk": 4, "fields": {"scode": "104", "sname": "RDBMS", "max_lacture": 48, "teacher": 1004, "classes": 2}}, {"model": "attendence.student", "pk": 1, "fields": {"roll": 101, "suname": "s101", "sname": "ASAWALE AVINASH VITTHAL", "smobile": "9867567600", "semail": "asawale@gmail.com", "spassword": "password", "division": 4, "lastlogin": null}}, {"model": "attendence.student", "pk": 2, "fields": {"roll": 102, "suname": "s102", "sname": "AWALE PRATIKSHA SANJAY", "smobile": "9867567601", "semail": "awale@gmail.com", "spassword": "password", "division": 4, "lastlogin": null}}, {"model": "attendence.student", "pk": 3, "fields": {"roll": 103, "suname": "", "sname": "BHALKE PARESH RAMESH", "smobile": "9867567602", "semail": "", "spassword": "", "division": 4, "lastlogin": null}}, {"model": "attendence.student", "pk": 4, "fields": {"roll": 104, "suname": "", "sname": "CHAVAN PRIYANKA DEVIDAS", "smobile": "9867567603", "semail": "", "spassword": "", "division": 4, "lastlogin": null}}, {"model": "attendence.student", "pk": 5, "fields": {"roll": 105, "suname": "", "sname": "DEORE ANKIT SHIRISH", "smobile": "9867567604", "semail": "", "spassword": "", "division": 4, "lastlogin": null}}, {"model": "attendence.student", "pk": 6, "fields": {"roll": 106, "suname": "", "sname": "DHAKNE YOGITA BALIRAM", "smobile": "9867567605", "semail": "", "spassword": "", "division": 4, "lastlogin": null}}, {"model": "attendence.student", "pk": 7, "fields": {"roll": 107, "suname": "", "sname": "GAWAI SAGAR SUPRAO", "smobile": "9867567606", "semail": "", "spassword": "", "division": 4, "lastlogin": null}}, {"model": "attendence.student", "pk": 8, "fields": {"roll": 108, "suname": "", "sname": "HAMBIR PRIYANKA BAPU", "smobile": "9867567607", "semail": "", "spassword": "", "division": 4, "lastlogin": null}}, {"model": "attendence.student", "pk": 9, "fields": {"roll": 109, "suname": "", "sname": "KALE GAURI", "smobile": "9867567608", "semail": "", "spassword": "", "division": 4, "lastlogin": null}}, {"model": "attendence.student", "pk": 10, "fields": {"roll": 110, "suname": "", "sname": "KUMBHAR SHRUTI DEEPAK", "smobile": "9867567609", "semail": "", "spassword": "", "division": 4, "lastlogin": null}}, {"model": "attendence.student", "pk": 11, "fields": {"roll": 111, "suname": "", "sname": "LOHAR PARMESHWAR NAGNATH", "smobile": "9867567610", "semail": "", "spassword": "", "division": 4, "lastlogin": null}}, {"model": "attendence.student", "pk": 12, "fields": {"roll": 112, "suname": "", "sname": "MADELLA MONIKA", "smobile": "9867567611", "semail": "", "spassword": "", "division": 4, "lastlogin": null}}, {"model": "attendence.student", "pk": 13, "fields": {"roll": 113, "suname": "", "sname": "MADNE NIKHIL CHANDRAKANT", "smobile": "9867567612", "semail": "", "spassword": "", "division": 4, "lastlogin": null}}, {"model": "attendence.student", "pk": 14, "fields": {"roll": 114, "suname": "", "sname": "MAGAJI SARVESH NIRAJ", "smobile": "9867567613", "semail": "", "spassword": "", "division": 4, "lastlogin": null}}, {"model": "attendence.student", "pk": 15, "fields": {"roll": 115, "suname": "", "sname": "MANDAL SAFAR SALIM", "smobile": "9867567614", "semail": "", "spassword": "", "division": 4, "lastlogin": null}}, {"model": "attendence.student", "pk": 16, "fields": {"roll": 116, "suname": "", "sname": "MANE ANIKET DATTATRAYA", "smobile": "9867567615", "semail": "", "spassword": "", "division": 4, "lastlogin": null}}, {"model": "attendence.student", "pk": 17, "fields": {"roll": 117, "suname": "", "sname": "MANE PRANAV UTTAM", "smobile": "9867567616", "semail": "", "spassword": "", "division": 4, "lastlogin": null}}, {"model": "attendence.student", "pk": 18, "fields": {"roll": 118, "suname": "", "sname": "MARKAD KANIFNATH MAHADEV", "smobile": "9867567617", "semail": "", "spassword": "", "division": 4, "lastlogin": null}}, {"model": "attendence.student", "pk": 19, "fields": {"roll": 119, "suname": "", "sname": "MEHTA YASH SANJAY", "smobile": "9867567618", "semail": "", "spassword": "", "division": 4, "lastlogin": null}}, {"model": "attendence.student", "pk": 20, "fields": {"roll": 120, "suname": "", "sname": "MHETRE SHWETA VISHWANATH", "smobile": "9867567619", "semail": "", "spassword": "", "division": 4, "lastlogin": null}}, {"model": "attendence.student", "pk": 21, "fields": {"roll": 121, "suname": "", "sname": "MISAL ANKUSH MAHADEV", "smobile": "9867567620", "semail": "", "spassword": "", "division": 4, "lastlogin": null}}, {"model": "attendence.student", "pk": 22, "fields": {"roll": 122, "suname": "", "sname": "MOGARE MAYUR UMESH", "smobile": "9867567621", "semail": "", "spassword": "", "division": 4, "lastlogin": null}}, {"model": "attendence.student", "pk": 23, "fields": {"roll": 123, "suname": "", "sname": "MOLAK PRACHI PRAKASH", "smobile": "9867567622", "semail": "", "spassword": "", "division": 4, "lastlogin": null}}, {"model": "attendence.student", "pk": 24, "fields": {"roll": 124, "suname": "", "sname": "MORE ABHISHEK RAJENDRA", "smobile": "9867567623", "semail": "", "spassword": "", "division": 4, "lastlogin": null}}, {"model": "attendence.student", "pk": 25, "fields": {"roll": 125, "suname": "", "sname": "MORE RUSHIKESH VINOD", "smobile": "9867567624", "semail": "", "spassword": "", "division": 4, "lastlogin": null}}, {"model": "attendence.student", "pk": 26, "fields": {"roll": 126, "suname": "", "sname": "MOTIWALE AISHWARYA", "smobile": "9867567625", "semail": "", "spassword": "", "division": 4, "lastlogin": null}}, {"model": "attendence.student", "pk": 27, "fields": {"roll": 127, "suname": "", "sname": "NAGE NIKITA JEETENDRA", "smobile": "9867567626", "semail": "", "spassword": "", "division": 4, "lastlogin": null}}, {"model": "attendence.student", "pk": 28, "fields": {"roll": 128, "suname": "", "sname": "NAKADI SWETA MAHESH", "smobile": "9867567627", "semail": "", "spassword": "", "division": 4, "lastlogin": null}}, {"model": "attendence.student", "pk": 29, "fields": {"roll": 129, "suname": "", "sname": "NEWASKAR MANDAR SANJAY", "smobile": "9867567628", "semail": "", "spassword": "", "division": 4, "lastlogin": null}}, {"model": "attendence.student", "pk": 30, "fields": {"roll": 130, "suname": "", "sname": "PARAB SRUSHTI SANJAY", "smobile": "9867567629", "semail": "", "spassword": "", "division": 4, "lastlogin": null}}, {"model": "attendence.student", "pk": 31, "fields": {"roll": 131, "suname": "", "sname": "PARDESHI SHRUTI RAKESH", "smobile": "9867567630", "semail": "", "spassword": "", "division": 4, "lastlogin": null}}, {"model": "attendence.student", "pk": 32, "fields": {"roll": 132, "suname": "", "sname": "PATHAN PARVIN MUBINKHAN", "smobile": "9867567631", "semail": "", "spassword": "", "division": 4, "lastlogin": null}}, {"model": "attendence.student", "pk": 33, "fields": {"roll": 133, "suname": "", "sname": "PATIL AKASH ARUN", "smobile": "9867567632", "semail": "", "spassword": "", "division": 4, "lastlogin": null}}, {"model": "attendence.student", "pk": 34, "fields": {"roll": 134, "suname": "", "sname": "PATIL SUYOG ARUN", "smobile": "9867567633", "semail": "", "spassword": "", "division": 4, "lastlogin": null}}, {"model": "attendence.student", "pk": 35, "fields": {"roll": 135, "suname": "", "sname": "PATIL VINIT DILIP", "smobile": "9867567634", "semail": "", "spassword": "", "division": 4, "lastlogin": null}}, {"model": "attendence.student", "pk": 36, "fields": {"roll": 136, "suname": "", "sname": "PATOLE SHUBHAM ANAND", "smobile": "9867567635", "semail": "", "spassword": "", "division": 4, "lastlogin": null}}, {"model": "attendence.student", "pk": 37, "fields": {"roll": 137, "suname": "", "sname": "PAWAR NAMRATA SUNIL", "smobile": "9867567636", "semail": "", "spassword": "", "division": 4, "lastlogin": null}}, {"model": "attendence.student", "pk": 38, "fields": {"roll": 138, "suname": "", "sname": "PAWAR SURAJ H", "smobile": "9867567637", "semail": "", "spassword": "", "division": 4, "lastlogin": null}}, {"model": "attendence.student", "pk": 39, "fields": {"roll": 139, "suname": "", "sname": "RACHA AJAY RAVINDER", "smobile": "9867567638", "semail": "", "spassword": "", "division": 4, "lastlogin": null}}, {"model": "attendence.student", "pk": 40, "fields": {"roll": 140, "suname": "", "sname": "RANDIVE ROHIT JAYWANT", "smobile": "9867567639", "semail": "", "spassword": "", "division": 4, "lastlogin": null}}, {"model": "attendence.student", "pk": 41, "fields": {"roll": 141, "suname": "", "sname": "RATHOD SURAJ NAMDEVRAO", "smobile": "9867567640", "semail": "", "spassword": "", "division": 4, "lastlogin": null}}, {"model": "attendence.student", "pk": 42, "fields": {"roll": 142, "suname": "", "sname": "REANG SANTOSH BRAJENDRA", "smobile": "9867567641", "semail": "", "spassword": "", "division": 4, "lastlogin": null}}, {"model": "attendence.student", "pk": 43, "fields": {"roll": 143, "suname": "", "sname": "SALVE MEGHNA SHANTWAN", "smobile": "9867567642", "semail": "", "spassword": "", "division": 4, "lastlogin": null}}, {"model": "attendence.student", "pk": 44, "fields": {"roll": 144, "suname": "", "sname": "SARADE GAURI SURYAKANT", "smobile": "9867567643", "semail": "", "spassword": "", "division": 4, "lastlogin": null}}, {"model": "attendence.student", "pk": 45, "fields": {"roll": 145, "suname": "", "sname": "SAWANT SHRUTIKA VIJAY", "smobile": "9867567644", "semail": "", "spassword": "", "division": 4, "lastlogin": null}}, {"model": "attendence.student", "pk": 46, "fields": {"roll": 146, "suname": "", "sname": "SAXENA SHIVALIKA RAJIV", "smobile": "9867567645", "semail": "", "spassword": "", "division": 4, "lastlogin": null}}, {"model": "attendence.student", "pk": 47, "fields": {"roll": 147, "suname": "", "sname": "SAYYAD SHABAJ SALIM", "smobile": "9867567646", "semail": "", "spassword": "", "division": 4, "lastlogin": null}}, {"model": "attendence.student", "pk": 48, "fields": {"roll": 148, "suname": "", "sname": "SHELKE NUTAN BABASAHEB", "smobile": "9867567647", "semail": "", "spassword": "", "division": 4, "lastlogin": null}}, {"model": "attendence.student", "pk": 49, "fields": {"roll": 149, "suname": "", "sname": "SHELKE VRUSHABH SHYAM", "smobile": "9867567648", "semail": "", "spassword": "", "division": 4, "lastlogin": null}}, {"model": "attendence.student", "pk": 50, "fields": {"roll": 150, "suname": "", "sname": "SHINDE GAURI RAJU", "smobile": "9867567649", "semail": "", "spassword": "", "division": 4, "lastlogin": null}}, {"model": "attendence.student", "pk": 51, "fields": {"roll": 151, "suname": "", "sname": "SHINDE MANALI SHAMRAO", "smobile": "9867567650", "semail": "", "spassword": "", "division": 4, "lastlogin": null}}, {"model": "attendence.student", "pk": 52, "fields": {"roll": 152, "suname": "", "sname": "SHINDE PRATHMESH DADABHAU", "smobile": "9867567651", "semail": "", "spassword": "", "division": 4, "lastlogin": null}}, {"model": "attendence.student", "pk": 53, "fields": {"roll": 153, "suname": "", "sname": "SHINDE PRIYANKA DADABHAU", "smobile": "9867567652", "semail": "", "spassword": "", "division": 4, "lastlogin": null}}, {"model": "attendence.student", "pk": 54, "fields": {"roll": 154, "suname": "", "sname": "SINGHAL AMAN", "smobile": "9867567653", "semail": "", "spassword": "", "division": 4, "lastlogin": null}}, {"model": "attendence.student", "pk": 55, "fields": {"roll": 155, "suname": "", "sname": "SOLANKI AYUSH", "smobile": "9867567654", "semail": "", "spassword": "", "division": 4, "lastlogin": null}}, {"model": "attendence.student", "pk": 56, "fields": {"roll": 156, "suname": "", "sname": "SUBANDHA ANIRUDDHA VIKAS", "smobile": "9867567655", "semail": "", "spassword": "", "division": 4, "lastlogin": null}}, {"model": "attendence.student", "pk": 57, "fields": {"roll": 157, "suname": "", "sname": "SUTAR GAURI VIJAY", "smobile": "9867567656", "semail": "", "spassword": "", "division": 4, "lastlogin": null}}, {"model": "attendence.student", "pk": 58, "fields": {"roll": 158, "suname": "", "sname": "TIKONE SHIVANI SACHIN", "smobile": "9867567657", "semail": "", "spassword": "", "division": 4, "lastlogin": null}}, {"model": "attendence.student", "pk": 59, "fields": {"roll": 159, "suname": "", "sname": "TODGIRE OMPRAKASH SHESHRAO", "smobile": "9867567658", "semail": "", "spassword": "", "division": 4, "lastlogin": null}}, {"model": "attendence.student", "pk": 60, "fields": {"roll": 160, "suname": "", "sname": "TONDARE MEGHA SHIVSHAKAR", "smobile": "9867567659", "semail": "", "spassword": "", "division": 4, "lastlogin": null}}, {"model": "attendence.student", "pk": 61, "fields": {"roll": 161, "suname": "", "sname": "TUPE POOJA SANJAY", "smobile": "9867567660", "semail": "", "spassword": "", "division": 4, "lastlogin": null}}, {"model": "attendence.student", "pk": 62, "fields": {"roll": 162, "suname": "", "sname": "ULBETTI SURAJ BASRAJ", "smobile": "9867567661", "semail": "", "spassword": "", "division": 4, "lastlogin": null}}, {"model": "attendence.student", "pk": 63, "fields": {"roll": 163, "suname": "", "sname": "WADHANE SANIKA P", "smobile": "9867567662", "semail": "", "spassword": "", "division": 4, "lastlogin": null}}, {"model": "attendence.student", "pk": 64, "fields": {"roll": 164, "suname": "", "sname": "WALMIKI POONAM", "smobile": "9867567663", "semail": "", "spassword": "", "division": 4, "lastlogin": null}}, {"model": "attendence.student", "pk": 65, "fields": {"roll": 165, "suname": "", "sname": "YADAV ADITYA AMAR", "smobile": "9867567664", "semail": "", "spassword": "", "division": 4, "lastlogin": null}}, {"model": "attendence.student", "pk": 66, "fields": {"roll": 166, "suname": "", "sname": "YADAV MONAM JAIPRAKASH", "smobile": "9867567665", "semail": "", "spassword": "", "division": 4, "lastlogin": null}}, {"model": "attendence.student", "pk": 67, "fields": {"roll": 167, "suname": "", "sname": "YADAV SNEHA NARESH", "smobile": "9867567666", "semail": "", "spassword": "", "division": 4, "lastlogin": null}}, {"model": "attendence.student", "pk": 68, "fields": {"roll": 168, "suname": "", "sname": "YENGANDUL SHRUTI VIVEK", "smobile": "9867567667", "semail": "", "spassword": "", "division": 4, "lastlogin": null}}, {"model": "attendence.student", "pk": 69, "fields": {"roll": 169, "suname": "", "sname": "ZAREKAR SUMEDH HEMANT", "smobile": "9867567668", "semail": "", "spassword": "", "division": 4, "lastlogin": null}}, {"model": "attendence.student", "pk": 70, "fields": {"roll": 170, "suname": "", "sname": "SABLE SWAPNIL SANJAY", "smobile": "9867567669", "semail": "", "spassword": "", "division": 4, "lastlogin": null}}, {"model": "attendence.attendence", "pk": 1, "fields": {"adate": "2017-10-23", "atime": "04:20:24", "student": 1, "subject": 1, "division": 4}}, {"model": "attendence.attendence", "pk": 2, "fields": {"adate": "2017-10-23", "atime": "04:20:24", "student": 2, "subject": 1, "division": 4}}, {"model": "attendence.attendence", "pk": 3, "fields": {"adate": "2017-10-23", "atime": "04:20:24", "student": 4, "subject": 1, "division": 4}}, {"model": "attendence.attendence", "pk": 4, "fields": {"adate": "2017-10-23", "atime": "04:20:24", "student": 5, "subject": 1, "division": 4}}, {"model": "attendence.attendence", "pk": 5, "fields": {"adate": "2017-10-23", "atime": "04:20:24", "student": 6, "subject": 1, "division": 4}}, {"model": "attendence.attendence", "pk": 6, "fields": {"adate": "2017-10-23", "atime": "04:20:24", "student": 7, "subject": 1, "division": 4}}, {"model": "attendence.attendence", "pk": 7, "fields": {"adate": "2017-10-23", "atime": "04:20:24", "student": 8, "subject": 1, "division": 4}}, {"model": "attendence.attendence", "pk": 8, "fields": {"adate": "2017-10-23", "atime": "04:20:24", "student": 9, "subject": 1, "division": 4}}, {"model": "attendence.attendence", "pk": 9, "fields": {"adate": "2017-10-23", "atime": "04:20:24", "student": 10, "subject": 1, "division": 4}}, {"model": "attendence.attendence", "pk": 10, "fields": {"adate": "2017-10-23", "atime": "04:20:24", "student": 11, "subject": 1, "division": 4}}, {"model": "attendence.attendence", "pk": 11, "fields": {"adate": "2017-10-23", "atime": "04:20:24", "student": 12, "subject": 1, "division": 4}}, {"model": "attendence.attendence", "pk": 12, "fields": {"adate": "2017-10-23", "atime": "04:20:24", "student": 13, "subject": 1, "division": 4}}, {"model": "attendence.attendence", "pk": 13, "fields": {"adate": "2017-10-23", "atime": "04:20:24", "student": 14, "subject": 1, "division": 4}}, {"model": "attendence.attendence", "pk": 14, "fields": {"adate": "2017-10-23", "atime": "04:20:24", "student": 15, "subject": 1, "division": 4}}, {"model": "attendence.attendence", "pk": 15, "fields": {"adate": "2017-10-23", "atime": "04:20:24", "student": 16, "subject": 1, "division": 4}}, {"model": "attendence.attendence", "pk": 16, "fields": {"adate": "2017-10-23", "atime": "04:20:24", "student": 17, "subject": 1, "division": 4}}, {"model": "attendence.attendence", "pk": 17, "fields": {"adate": "2017-10-23", "atime": "04:20:24", "student": 18, "subject": 1, "division": 4}}, {"model": "attendence.attendence", "pk": 18, "fields": {"adate": "2017-10-23", "atime": "04:20:24", "student": 20, "subject": 1, "division": 4}}, {"model": "attendence.attendence", "pk": 19, "fields": {"adate": "2017-10-23", "atime": "04:20:24", "student": 21, "subject": 1, "division": 4}}, {"model": "attendence.attendence", "pk": 20, "fields": {"adate": "2017-10-23", "atime": "04:20:24", "student": 22, "subject": 1, "division": 4}}, {"model": "attendence.attendence", "pk": 21, "fields": {"adate": "2017-10-23", "atime": "04:20:25", "student": 23, "subject": 1, "division": 4}}, {"model": "attendence.attendence", "pk": 22, "fields": {"adate": "2017-10-23", "atime": "04:20:25", "student": 24, "subject": 1, "division": 4}}, {"model": "attendence.attendence", "pk": 23, "fields": {"adate": "2017-10-23", "atime": "04:20:25", "student": 25, "subject": 1, "division": 4}}, {"model": "attendence.attendence", "pk": 24, "fields": {"adate": "2017-10-23", "atime": "04:20:25", "student": 26, "subject": 1, "division": 4}}, {"model": "attendence.attendence", "pk": 25, "fields": {"adate": "2017-10-23", "atime": "04:20:25", "student": 27, "subject": 1, "division": 4}}, {"model": "attendence.attendence", "pk": 26, "fields": {"adate": "2017-10-23", "atime": "04:20:25", "student": 28, "subject": 1, "division": 4}}, {"model": "attendence.attendence", "pk": 27, "fields": {"adate": "2017-10-23", "atime": "04:20:25", "student": 29, "subject": 1, "division": 4}}, {"model": "attendence.attendence", "pk": 28, "fields": {"adate": "2017-10-23", "atime": "04:20:25", "student": 30, "subject": 1, "division": 4}}, {"model": "attendence.attendence", "pk": 29, "fields": {"adate": "2017-10-23", "atime": "04:20:25", "student": 31, "subject": 1, "division": 4}}, {"model": "attendence.attendence", "pk": 30, "fields": {"adate": "2017-10-23", "atime": "04:20:25", "student": 32, "subject": 1, "division": 4}}, {"model": "attendence.attendence", "pk": 31, "fields": {"adate": "2017-10-23", "atime": "04:20:25", "student": 33, "subject": 1, "division": 4}}, {"model": "attendence.attendence", "pk": 32, "fields": {"adate": "2017-10-23", "atime": "04:20:25", "student": 34, "subject": 1, "division": 4}}, {"model": "attendence.attendence", "pk": 33, "fields": {"adate": "2017-10-23", "atime": "04:20:25", "student": 36, "subject": 1, "division": 4}}, {"model": "attendence.attendence", "pk": 34, "fields": {"adate": "2017-10-23", "atime": "04:20:25", "student": 37, "subject": 1, "division": 4}}, {"model": "attendence.attendence", "pk": 35, "fields": {"adate": "2017-10-23", "atime": "04:20:25", "student": 38, "subject": 1, "division": 4}}, {"model": "attendence.attendence", "pk": 36, "fields": {"adate": "2017-10-23", "atime": "04:20:25", "student": 39, "subject": 1, "division": 4}}, {"model": "attendence.attendence", "pk": 37, "fields": {"adate": "2017-10-23", "atime": "04:20:25", "student": 40, "subject": 1, "division": 4}}, {"model": "attendence.attendence", "pk": 38, "fields": {"adate": "2017-10-23", "atime": "04:20:25", "student": 41, "subject": 1, "division": 4}}, {"model": "attendence.attendence", "pk": 39, "fields": {"adate": "2017-10-23", "atime": "04:20:25", "student": 42, "subject": 1, "division": 4}}, {"model": "attendence.attendence", "pk": 40, "fields": {"adate": "2017-10-23", "atime": "04:20:25", "student": 43, "subject": 1, "division": 4}}, {"model": "attendence.attendence", "pk": 41, "fields": {"adate": "2017-10-23", "atime": "04:20:25", "student": 44, "subject": 1, "division": 4}}, {"model": "attendence.attendence", "pk": 42, "fields": {"adate": "2017-10-23", "atime": "04:20:25", "student": 45, "subject": 1, "division": 4}}, {"model": "attendence.attendence", "pk": 43, "fields": {"adate": "2017-10-23", "atime": "04:20:25", "student": 46, "subject": 1, "division": 4}}, {"model": "attendence.attendence", "pk": 44, "fields": {"adate": "2017-10-23", "atime": "04:20:25", "student": 47, "subject": 1, "division": 4}}, {"model": "attendence.attendence", "pk": 45, "fields": {"adate": "2017-10-23", "atime": "04:20:25", "student": 48, "subject": 1, "division": 4}}, {"model": "attendence.attendence", "pk": 46, "fields": {"adate": "2017-10-23", "atime": "04:20:25", "student": 49, "subject": 1, "division": 4}}, {"model": "attendence.attendence", "pk": 47, "fields": {"adate": "2017-10-23", "atime": "04:20:25", "student": 50, "subject": 1, "division": 4}}, {"model": "attendence.attendence", "pk": 48, "fields": {"adate": "2017-10-23", "atime": "04:20:25", "student": 51, "subject": 1, "division": 4}}, {"model": "attendence.attendence", "pk": 49, "fields": {"adate": "2017-10-23", "atime": "04:20:26", "student": 52, "subject": 1, "division": 4}}, {"model": "attendence.attendence", "pk": 50, "fields": {"adate": "2017-10-23", "atime": "04:20:26", "student": 53, "subject": 1, "division": 4}}, {"model": "attendence.attendence", "pk": 51, "fields": {"adate": "2017-10-23", "atime": "04:20:26", "student": 54, "subject": 1, "division": 4}}, {"model": "attendence.attendence", "pk": 52, "fields": {"adate": "2017-10-23", "atime": "04:20:26", "student": 55, "subject": 1, "division": 4}}, {"model": "attendence.attendence", "pk": 53, "fields": {"adate": "2017-10-23", "atime": "04:20:26", "student": 56, "subject": 1, "division": 4}}, {"model": "attendence.attendence", "pk": 54, "fields": {"adate": "2017-10-23", "atime": "04:20:26", "student": 57, "subject": 1, "division": 4}}, {"model": "attendence.attendence", "pk": 55, "fields": {"adate": "2017-10-23", "atime": "04:20:26", "student": 58, "subject": 1, "division": 4}}, {"model": "attendence.attendence", "pk": 56, "fields": {"adate": "2017-10-23", "atime": "04:20:26", "student": 59, "subject": 1, "division": 4}}, {"model": "attendence.attendence", "pk": 57, "fields": {"adate": "2017-10-23", "atime": "04:20:26", "student": 60, "subject": 1, "division": 4}}, {"model": "attendence.attendence", "pk": 58, "fields": {"adate": "2017-10-23", "atime": "04:20:26", "student": 61, "subject": 1, "division": 4}}, {"model": "attendence.attendence", "pk": 59, "fields": {"adate": "2017-10-23", "atime": "04:20:26", "student": 62, "subject": 1, "division": 4}}, {"model": "attendence.attendence", "pk": 60, "fields": {"adate": "2017-10-23", "atime": "04:20:26", "student": 63, "subject": 1, "division": 4}}, {"model": "attendence.attendence", "pk": 61, "fields": {"adate": "2017-10-23", "atime": "04:20:26", "student": 64, "subject": 1, "division": 4}}, {"model": "attendence.attendence", "pk": 62, "fields": {"adate": "2017-10-23", "atime": "04:20:26", "student": 65, "subject": 1, "division": 4}}, {"model": "attendence.attendence", "pk": 63, "fields": {"adate": "2017-10-23", "atime": "04:20:26", "student": 66, "subject": 1, "division": 4}}, {"model": "attendence.attendence", "pk": 64, "fields": {"adate": "2017-10-23", "atime": "04:20:26", "student": 67, "subject": 1, "division": 4}}, {"model": "attendence.attendence", "pk": 65, "fields": {"adate": "2017-10-23", "atime": "04:20:26", "student": 68, "subject": 1, "division": 4}}, {"model": "attendence.attendence", "pk": 66, "fields": {"adate": "2017-10-23", "atime": "04:20:26", "student": 69, "subject": 1, "division": 4}}, {"model": "attendence.attendence", "pk": 67, "fields": {"adate": "2017-10-23", "atime": "04:20:26", "student": 70, "subject": 1, "division": 4}}, {"model": "attendence.attendence", "pk": 68, "fields": {"adate": "2017-10-24", "atime": "04:21:28", "student": 2, "subject": 1, "division": 4}}, {"model": "attendence.attendence", "pk": 69, "fields": {"adate": "2017-10-24", "atime": "04:21:28", "student": 3, "subject": 1, "division": 4}}, {"model": "attendence.attendence", "pk": 70, "fields": {"adate": "2017-10-24", "atime": "04:21:28", "student": 5, "subject": 1, "division": 4}}, {"model": "attendence.attendence", "pk": 71, "fields": {"adate": "2017-10-24", "atime": "04:21:28", "student": 6, "subject": 1, "division": 4}}, {"model": "attendence.attendence", "pk": 72, "fields": {"adate": "2017-10-24", "atime": "04:21:29", "student": 7, "subject": 1, "division": 4}}, {"model": "attendence.attendence", "pk": 73, "fields": {"adate": "2017-10-24", "atime": "04:21:29", "student": 9, "subject": 1, "division": 4}}, {"model": "attendence.attendence", "pk": 74, "fields": {"adate": "2017-10-24", "atime": "04:21:29", "student": 10, "subject": 1, "division": 4}}, {"model": "attendence.attendence", "pk": 75, "fields": {"adate": "2017-10-24", "atime": "04:21:29", "student": 11, "subject": 1, "division": 4}}, {"model": "attendence.attendence", "pk": 76, "fields": {"adate": "2017-10-24", "atime": "04:21:29", "student": 12, "subject": 1, "division": 4}}, {"model": "attendence.attendence", "pk": 77, "fields": {"adate": "2017-10-24", "atime": "04:21:29", "student": 13, "subject": 1, "division": 4}}, {"model": "attendence.attendence", "pk": 78, "fields": {"adate": "2017-10-24", "atime": "04:21:29", "student": 14, "subject": 1, "division": 4}}, {"model": "attendence.attendence", "pk": 79, "fields": {"adate": "2017-10-24", "atime": "04:21:29", "student": 15, "subject": 1, "division": 4}}, {"model": "attendence.attendence", "pk": 80, "fields": {"adate": "2017-10-24", "atime": "04:21:29", "student": 16, "subject": 1, "division": 4}}, {"model": "attendence.attendence", "pk": 81, "fields": {"adate": "2017-10-24", "atime": "04:21:29", "student": 17, "subject": 1, "division": 4}}, {"model": "attendence.attendence", "pk": 82, "fields": {"adate": "2017-10-24", "atime": "04:21:29", "student": 18, "subject": 1, "division": 4}}, {"model": "attendence.attendence", "pk": 83, "fields": {"adate": "2017-10-24", "atime": "04:21:29", "student": 19, "subject": 1, "division": 4}}, {"model": "attendence.attendence", "pk": 84, "fields": {"adate": "2017-10-24", "atime": "04:21:29", "student": 20, "subject": 1, "division": 4}}, {"model": "attendence.attendence", "pk": 85, "fields": {"adate": "2017-10-24", "atime": "04:21:29", "student": 21, "subject": 1, "division": 4}}, {"model": "attendence.attendence", "pk": 86, "fields": {"adate": "2017-10-24", "atime": "04:21:29", "student": 22, "subject": 1, "division": 4}}, {"model": "attendence.attendence", "pk": 87, "fields": {"adate": "2017-10-24", "atime": "04:21:29", "student": 23, "subject": 1, "division": 4}}, {"model": "attendence.attendence", "pk": 88, "fields": {"adate": "2017-10-24", "atime": "04:21:29", "student": 25, "subject": 1, "division": 4}}, {"model": "attendence.attendence", "pk": 89, "fields": {"adate": "2017-10-24", "atime": "04:21:29", "student": 26, "subject": 1, "division": 4}}, {"model": "attendence.attendence", "pk": 90, "fields": {"adate": "2017-10-24", "atime": "04:21:29", "student": 27, "subject": 1, "division": 4}}, {"model": "attendence.attendence", "pk": 91, "fields": {"adate": "2017-10-24", "atime": "04:21:29", "student": 28, "subject": 1, "division": 4}}, {"model": "attendence.attendence", "pk": 92, "fields": {"adate": "2017-10-24", "atime": "04:21:29", "student": 29, "subject": 1, "division": 4}}, {"model": "attendence.attendence", "pk": 93, "fields": {"adate": "2017-10-24", "atime": "04:21:29", "student": 30, "subject": 1, "division": 4}}, {"model": "attendence.attendence", "pk": 94, "fields": {"adate": "2017-10-24", "atime": "04:21:29", "student": 31, "subject": 1, "division": 4}}, {"model": "attendence.attendence", "pk": 95, "fields": {"adate": "2017-10-24", "atime": "04:21:29", "student": 32, "subject": 1, "division": 4}}, {"model": "attendence.attendence", "pk": 96, "fields": {"adate": "2017-10-24", "atime": "04:21:29", "student": 33, "subject": 1, "division": 4}}, {"model": "attendence.attendence", "pk": 97, "fields": {"adate": "2017-10-24", "atime": "04:21:29", "student": 34, "subject": 1, "division": 4}}, {"model": "attendence.attendence", "pk": 98, "fields": {"adate": "2017-10-24", "atime": "04:21:29", "student": 35, "subject": 1, "division": 4}}, {"model": "attendence.attendence", "pk": 99, "fields": {"adate": "2017-10-24", "atime": "04:21:29", "student": 36, "subject": 1, "division": 4}}, {"model": "attendence.attendence", "pk": 100, "fields": {"adate": "2017-10-24", "atime": "04:21:29", "student": 37, "subject": 1, "division": 4}}, {"model": "attendence.attendence", "pk": 101, "fields": {"adate": "2017-10-24", "atime": "04:21:29", "student": 38, "subject": 1, "division": 4}}, {"model": "attendence.attendence", "pk": 102, "fields": {"adate": "2017-10-24", "atime": "04:21:30", "student": 39, "subject": 1, "division": 4}}, {"model": "attendence.attendence", "pk": 103, "fields": {"adate": "2017-10-24", "atime": "04:21:30", "student": 41, "subject": 1, "division": 4}}, {"model": "attendence.attendence", "pk": 104, "fields": {"adate": "2017-10-24", "atime": "04:21:30", "student": 42, "subject": 1, "division": 4}}, {"model": "attendence.attendence", "pk": 105, "fields": {"adate": "2017-10-24", "atime": "04:21:30", "student": 43, "subject": 1, "division": 4}}, {"model": "attendence.attendence", "pk": 106, "fields": {"adate": "2017-10-24", "atime": "04:21:30", "student": 44, "subject": 1, "division": 4}}, {"model": "attendence.attendence", "pk": 107, "fields": {"adate": "2017-10-24", "atime": "04:21:30", "student": 45, "subject": 1, "division": 4}}, {"model": "attendence.attendence", "pk": 108, "fields": {"adate": "2017-10-24", "atime": "04:21:30", "student": 46, "subject": 1, "division": 4}}, {"model": "attendence.attendence", "pk": 109, "fields": {"adate": "2017-10-24", "atime": "04:21:30", "student": 47, "subject": 1, "division": 4}}, {"model": "attendence.attendence", "pk": 110, "fields": {"adate": "2017-10-24", "atime": "04:21:30", "student": 48, "subject": 1, "division": 4}}, {"model": "attendence.attendence", "pk": 111, "fields": {"adate": "2017-10-24", "atime": "04:21:30", "student": 49, "subject": 1, "division": 4}}, {"model": "attendence.attendence", "pk": 112, "fields": {"adate": "2017-10-24", "atime": "04:21:30", "student": 51, "subject": 1, "division": 4}}, {"model": "attendence.attendence", "pk": 113, "fields": {"adate": "2017-10-24", "atime": "04:21:30", "student": 52, "subject": 1, "division": 4}}, {"model": "attendence.attendence", "pk": 114, "fields": {"adate": "2017-10-24", "atime": "04:21:30", "student": 53, "subject": 1, "division": 4}}, {"model": "attendence.attendence", "pk": 115, "fields": {"adate": "2017-10-24", "atime": "04:21:30", "student": 54, "subject": 1, "division": 4}}, {"model": "attendence.attendence", "pk": 116, "fields": {"adate": "2017-10-24", "atime": "04:21:30", "student": 55, "subject": 1, "division": 4}}, {"model": "attendence.attendence", "pk": 117, "fields": {"adate": "2017-10-24", "atime": "04:21:30", "student": 56, "subject": 1, "division": 4}}, {"model": "attendence.attendence", "pk": 118, "fields": {"adate": "2017-10-24", "atime": "04:21:30", "student": 57, "subject": 1, "division": 4}}, {"model": "attendence.attendence", "pk": 119, "fields": {"adate": "2017-10-24", "atime": "04:21:30", "student": 58, "subject": 1, "division": 4}}, {"model": "attendence.attendence", "pk": 120, "fields": {"adate": "2017-10-24", "atime": "04:21:30", "student": 59, "subject": 1, "division": 4}}, {"model": "attendence.attendence", "pk": 121, "fields": {"adate": "2017-10-24", "atime": "04:21:30", "student": 60, "subject": 1, "division": 4}}, {"model": "attendence.attendence", "pk": 122, "fields": {"adate": "2017-10-24", "atime": "04:21:30", "student": 61, "subject": 1, "division": 4}}, {"model": "attendence.attendence", "pk": 123, "fields": {"adate": "2017-10-24", "atime": "04:21:30", "student": 62, "subject": 1, "division": 4}}, {"model": "attendence.attendence", "pk": 124, "fields": {"adate": "2017-10-24", "atime": "04:21:30", "student": 63, "subject": 1, "division": 4}}, {"model": "attendence.attendence", "pk": 125, "fields": {"adate": "2017-10-24", "atime": "04:21:30", "student": 64, "subject": 1, "division": 4}}, {"model": "attendence.attendence", "pk": 126, "fields": {"adate": "2017-10-24", "atime": "04:21:30", "student": 65, "subject": 1, "division": 4}}, {"model": "attendence.attendence", "pk": 127, "fields": {"adate": "2017-10-24", "atime": "04:21:30", "student": 67, "subject": 1, "division": 4}}, {"model": "attendence.attendence", "pk": 128, "fields": {"adate": "2017-10-24", "atime": "04:21:30", "student": 70, "subject": 1, "division": 4}}, {"model": "attendence.attendence", "pk": 129, "fields": {"adate": "2017-10-25", "atime": "04:22:41", "student": 1, "subject": 1, "division": 4}}, {"model": "attendence.attendence", "pk": 130, "fields": {"adate": "2017-10-25", "atime": "04:22:41", "student": 3, "subject": 1, "division": 4}}, {"model": "attendence.attendence", "pk": 131, "fields": {"adate": "2017-10-25", "atime": "04:22:41", "student": 7, "subject": 1, "division": 4}}, {"model": "attendence.attendence", "pk": 132, "fields": {"adate": "2017-10-25", "atime": "04:22:41", "student": 8, "subject": 1, "division": 4}}, {"model": "attendence.attendence", "pk": 133, "fields": {"adate": "2017-10-25", "atime": "04:22:41", "student": 10, "subject": 1, "division": 4}}, {"model": "attendence.attendence", "pk": 134, "fields": {"adate": "2017-10-25", "atime": "04:22:41", "student": 12, "subject": 1, "division": 4}}, {"model": "attendence.attendence", "pk": 135, "fields": {"adate": "2017-10-25", "atime": "04:22:41", "student": 15, "subject": 1, "division": 4}}, {"model": "attendence.attendence", "pk": 136, "fields": {"adate": "2017-10-25", "atime": "04:22:41", "student": 17, "subject": 1, "division": 4}}, {"model": "attendence.attendence", "pk": 137, "fields": {"adate": "2017-10-25", "atime": "04:22:41", "student": 18, "subject": 1, "division": 4}}, {"model": "attendence.attendence", "pk": 138, "fields": {"adate": "2017-10-25", "atime": "04:22:41", "student": 19, "subject": 1, "division": 4}}, {"model": "attendence.attendence", "pk": 139, "fields": {"adate": "2017-10-25", "atime": "04:22:41", "student": 20, "subject": 1, "division": 4}}, {"model": "attendence.attendence", "pk": 140, "fields": {"adate": "2017-10-25", "atime": "04:22:42", "student": 21, "subject": 1, "division": 4}}, {"model": "attendence.attendence", "pk": 141, "fields": {"adate": "2017-10-25", "atime": "04:22:42", "student": 22, "subject": 1, "division": 4}}, {"model": "attendence.attendence", "pk": 142, "fields": {"adate": "2017-10-25", "atime": "04:22:42", "student": 23, "subject": 1, "division": 4}}, {"model": "attendence.attendence", "pk": 143, "fields": {"adate": "2017-10-25", "atime": "04:22:42", "student": 24, "subject": 1, "division": 4}}, {"model": "attendence.attendence", "pk": 144, "fields": {"adate": "2017-10-25", "atime": "04:22:42", "student": 25, "subject": 1, "division": 4}}, {"model": "attendence.attendence", "pk": 145, "fields": {"adate": "2017-10-25", "atime": "04:22:42", "student": 26, "subject": 1, "division": 4}}, {"model": "attendence.attendence", "pk": 146, "fields": {"adate": "2017-10-25", "atime": "04:22:42", "student": 27, "subject": 1, "division": 4}}, {"model": "attendence.attendence", "pk": 147, "fields": {"adate": "2017-10-25", "atime": "04:22:42", "student": 28, "subject": 1, "division": 4}}, {"model": "attendence.attendence", "pk": 148, "fields": {"adate": "2017-10-25", "atime": "04:22:42", "student": 29, "subject": 1, "division": 4}}, {"model": "attendence.attendence", "pk": 149, "fields": {"adate": "2017-10-25", "atime": "04:22:42", "student": 30, "subject": 1, "division": 4}}, {"model": "attendence.attendence", "pk": 150, "fields": {"adate": "2017-10-25", "atime": "04:22:42", "student": 31, "subject": 1, "division": 4}}, {"model": "attendence.attendence", "pk": 151, "fields": {"adate": "2017-10-25", "atime": "04:22:42", "student": 32, "subject": 1, "division": 4}}, {"model": "attendence.attendence", "pk": 152, "fields": {"adate": "2017-10-25", "atime": "04:22:42", "student": 34, "subject": 1, "division": 4}}, {"model": "attendence.attendence", "pk": 153, "fields": {"adate": "2017-10-25", "atime": "04:22:42", "student": 35, "subject": 1, "division": 4}}, {"model": "attendence.attendence", "pk": 154, "fields": {"adate": "2017-10-25", "atime": "04:22:42", "student": 36, "subject": 1, "division": 4}}, {"model": "attendence.attendence", "pk": 155, "fields": {"adate": "2017-10-25", "atime": "04:22:42", "student": 37, "subject": 1, "division": 4}}, {"model": "attendence.attendence", "pk": 156, "fields": {"adate": "2017-10-25", "atime": "04:22:42", "student": 38, "subject": 1, "division": 4}}, {"model": "attendence.attendence", "pk": 157, "fields": {"adate": "2017-10-25", "atime": "04:22:42", "student": 39, "subject": 1, "division": 4}}, {"model": "attendence.attendence", "pk": 158, "fields": {"adate": "2017-10-25", "atime": "04:22:42", "student": 40, "subject": 1, "division": 4}}, {"model": "attendence.attendence", "pk": 159, "fields": {"adate": "2017-10-25", "atime": "04:22:42", "student": 41, "subject": 1, "division": 4}}, {"model": "attendence.attendence", "pk": 160, "fields": {"adate": "2017-10-25", "atime": "04:22:42", "student": 42, "subject": 1, "division": 4}}, {"model": "attendence.attendence", "pk": 161, "fields": {"adate": "2017-10-25", "atime": "04:22:42", "student": 43, "subject": 1, "division": 4}}, {"model": "attendence.attendence", "pk": 162, "fields": {"adate": "2017-10-25", "atime": "04:22:42", "student": 44, "subject": 1, "division": 4}}, {"model": "attendence.attendence", "pk": 163, "fields": {"adate": "2017-10-25", "atime": "04:22:42", "student": 45, "subject": 1, "division": 4}}, {"model": "attendence.attendence", "pk": 164, "fields": {"adate": "2017-10-25", "atime": "04:22:42", "student": 48, "subject": 1, "division": 4}}, {"model": "attendence.attendence", "pk": 165, "fields": {"adate": "2017-10-25", "atime": "04:22:42", "student": 49, "subject": 1, "division": 4}}, {"model": "attendence.attendence", "pk": 166, "fields": {"adate": "2017-10-25", "atime": "04:22:42", "student": 50, "subject": 1, "division": 4}}, {"model": "attendence.attendence", "pk": 167, "fields": {"adate": "2017-10-25", "atime": "04:22:42", "student": 51, "subject": 1, "division": 4}}, {"model": "attendence.attendence", "pk": 168, "fields": {"adate": "2017-10-25", "atime": "04:22:43", "student": 52, "subject": 1, "division": 4}}, {"model": "attendence.attendence", "pk": 169, "fields": {"adate": "2017-10-25", "atime": "04:22:43", "student": 53, "subject": 1, "division": 4}}, {"model": "attendence.attendence", "pk": 170, "fields": {"adate": "2017-10-25", "atime": "04:22:43", "student": 54, "subject": 1, "division": 4}}, {"model": "attendence.attendence", "pk": 171, "fields": {"adate": "2017-10-25", "atime": "04:22:43", "student": 55, "subject": 1, "division": 4}}, {"model": "attendence.attendence", "pk": 172, "fields": {"adate": "2017-10-25", "atime": "04:22:43", "student": 56, "subject": 1, "division": 4}}, {"model": "attendence.attendence", "pk": 173, "fields": {"adate": "2017-10-25", "atime": "04:22:43", "student": 57, "subject": 1, "division": 4}}, {"model": "attendence.attendence", "pk": 174, "fields": {"adate": "2017-10-25", "atime": "04:22:43", "student": 58, "subject": 1, "division": 4}}, {"model": "attendence.attendence", "pk": 175, "fields": {"adate": "2017-10-25", "atime": "04:22:43", "student": 59, "subject": 1, "division": 4}}, {"model": "attendence.attendence", "pk": 176, "fields": {"adate": "2017-10-25", "atime": "04:22:43", "student": 60, "subject": 1, "division": 4}}, {"model": "attendence.attendence", "pk": 177, "fields": {"adate": "2017-10-25", "atime": "04:22:43", "student": 61, "subject": 1, "division": 4}}, {"model": "attendence.attendence", "pk": 178, "fields": {"adate": "2017-10-25", "atime": "04:22:43", "student": 63, "subject": 1, "division": 4}}, {"model": "attendence.attendence", "pk": 179, "fields": {"adate": "2017-10-25", "atime": "04:22:43", "student": 65, "subject": 1, "division": 4}}, {"model": "attendence.attendence", "pk": 180, "fields": {"adate": "2017-10-25", "atime": "04:22:43", "student": 66, "subject": 1, "division": 4}}, {"model": "attendence.attendence", "pk": 181, "fields": {"adate": "2017-10-25", "atime": "04:22:43", "student": 67, "subject": 1, "division": 4}}, {"model": "attendence.attendence", "pk": 182, "fields": {"adate": "2017-10-25", "atime": "04:22:43", "student": 68, "subject": 1, "division": 4}}, {"model": "attendence.attendence", "pk": 183, "fields": {"adate": "2017-10-25", "atime": "04:22:43", "student": 69, "subject": 1, "division": 4}}, {"model": "attendence.attendence", "pk": 184, "fields": {"adate": "2017-10-25", "atime": "04:22:43", "student": 70, "subject": 1, "division": 4}}, {"model": "attendence.attendence", "pk": 185, "fields": {"adate": "2017-10-23", "atime": "04:23:36", "student": 1, "subject": 2, "division": 4}}, {"model": "attendence.attendence", "pk": 186, "fields": {"adate": "2017-10-23", "atime": "04:23:36", "student": 3, "subject": 2, "division": 4}}, {"model": "attendence.attendence", "pk": 187, "fields": {"adate": "2017-10-23", "atime": "04:23:36", "student": 4, "subject": 2, "division": 4}}, {"model": "attendence.attendence", "pk": 188, "fields": {"adate": "2017-10-23", "atime": "04:23:36", "student": 5, "subject": 2, "division": 4}}, {"model": "attendence.attendence", "pk": 189, "fields": {"adate": "2017-10-23", "atime": "04:23:36", "student": 6, "subject": 2, "division": 4}}, {"model": "attendence.attendence", "pk": 190, "fields": {"adate": "2017-10-23", "atime": "04:23:36", "student": 7, "subject": 2, "division": 4}}, {"model": "attendence.attendence", "pk": 191, "fields": {"adate": "2017-10-23", "atime": "04:23:36", "student": 8, "subject": 2, "division": 4}}, {"model": "attendence.attendence", "pk": 192, "fields": {"adate": "2017-10-23", "atime": "04:23:36", "student": 9, "subject": 2, "division": 4}}, {"model": "attendence.attendence", "pk": 193, "fields": {"adate": "2017-10-23", "atime": "04:23:36", "student": 10, "subject": 2, "division": 4}}, {"model": "attendence.attendence", "pk": 194, "fields": {"adate": "2017-10-23", "atime": "04:23:37", "student": 11, "subject": 2, "division": 4}}, {"model": "attendence.attendence", "pk": 195, "fields": {"adate": "2017-10-23", "atime": "04:23:37", "student": 13, "subject": 2, "division": 4}}, {"model": "attendence.attendence", "pk": 196, "fields": {"adate": "2017-10-23", "atime": "04:23:37", "student": 14, "subject": 2, "division": 4}}, {"model": "attendence.attendence", "pk": 197, "fields": {"adate": "2017-10-23", "atime": "04:23:37", "student": 16, "subject": 2, "division": 4}}, {"model": "attendence.attendence", "pk": 198, "fields": {"adate": "2017-10-23", "atime": "04:23:37", "student": 18, "subject": 2, "division": 4}}, {"model": "attendence.attendence", "pk": 199, "fields": {"adate": "2017-10-23", "atime": "04:23:37", "student": 19, "subject": 2, "division": 4}}, {"model": "attendence.attendence", "pk": 200, "fields": {"adate": "2017-10-23", "atime": "04:23:37", "student": 20, "subject": 2, "division": 4}}, {"model": "attendence.attendence", "pk": 201, "fields": {"adate": "2017-10-23", "atime": "04:23:37", "student": 21, "subject": 2, "division": 4}}, {"model": "attendence.attendence", "pk": 202, "fields": {"adate": "2017-10-23", "atime": "04:23:37", "student": 22, "subject": 2, "division": 4}}, {"model": "attendence.attendence", "pk": 203, "fields": {"adate": "2017-10-23", "atime": "04:23:37", "student": 23, "subject": 2, "division": 4}}, {"model": "attendence.attendence", "pk": 204, "fields": {"adate": "2017-10-23", "atime": "04:23:37", "student": 24, "subject": 2, "division": 4}}, {"model": "attendence.attendence", "pk": 205, "fields": {"adate": "2017-10-23", "atime": "04:23:37", "student": 25, "subject": 2, "division": 4}}, {"model": "attendence.attendence", "pk": 206, "fields": {"adate": "2017-10-23", "atime": "04:23:37", "student": 26, "subject": 2, "division": 4}}, {"model": "attendence.attendence", "pk": 207, "fields": {"adate": "2017-10-23", "atime": "04:23:37", "student": 27, "subject": 2, "division": 4}}, {"model": "attendence.attendence", "pk": 208, "fields": {"adate": "2017-10-23", "atime": "04:23:37", "student": 28, "subject": 2, "division": 4}}, {"model": "attendence.attendence", "pk": 209, "fields": {"adate": "2017-10-23", "atime": "04:23:37", "student": 30, "subject": 2, "division": 4}}, {"model": "attendence.attendence", "pk": 210, "fields": {"adate": "2017-10-23", "atime": "04:23:37", "student": 31, "subject": 2, "division": 4}}, {"model": "attendence.attendence", "pk": 211, "fields": {"adate": "2017-10-23", "atime": "04:23:37", "student": 32, "subject": 2, "division": 4}}, {"model": "attendence.attendence", "pk": 212, "fields": {"adate": "2017-10-23", "atime": "04:23:37", "student": 33, "subject": 2, "division": 4}}, {"model": "attendence.attendence", "pk": 213, "fields": {"adate": "2017-10-23", "atime": "04:23:37", "student": 34, "subject": 2, "division": 4}}, {"model": "attendence.attendence", "pk": 214, "fields": {"adate": "2017-10-23", "atime": "04:23:37", "student": 35, "subject": 2, "division": 4}}, {"model": "attendence.attendence", "pk": 215, "fields": {"adate": "2017-10-23", "atime": "04:23:37", "student": 36, "subject": 2, "division": 4}}, {"model": "attendence.attendence", "pk": 216, "fields": {"adate": "2017-10-23", "atime": "04:23:37", "student": 37, "subject": 2, "division": 4}}, {"model": "attendence.attendence", "pk": 217, "fields": {"adate": "2017-10-23", "atime": "04:23:37", "student": 38, "subject": 2, "division": 4}}, {"model": "attendence.attendence", "pk": 218, "fields": {"adate": "2017-10-23", "atime": "04:23:37", "student": 39, "subject": 2, "division": 4}}, {"model": "attendence.attendence", "pk": 219, "fields": {"adate": "2017-10-23", "atime": "04:23:37", "student": 40, "subject": 2, "division": 4}}, {"model": "attendence.attendence", "pk": 220, "fields": {"adate": "2017-10-23", "atime": "04:23:37", "student": 41, "subject": 2, "division": 4}}, {"model": "attendence.attendence", "pk": 221, "fields": {"adate": "2017-10-23", "atime": "04:23:37", "student": 42, "subject": 2, "division": 4}}, {"model": "attendence.attendence", "pk": 222, "fields": {"adate": "2017-10-23", "atime": "04:23:37", "student": 43, "subject": 2, "division": 4}}, {"model": "attendence.attendence", "pk": 223, "fields": {"adate": "2017-10-23", "atime": "04:23:38", "student": 44, "subject": 2, "division": 4}}, {"model": "attendence.attendence", "pk": 224, "fields": {"adate": "2017-10-23", "atime": "04:23:38", "student": 46, "subject": 2, "division": 4}}, {"model": "attendence.attendence", "pk": 225, "fields": {"adate": "2017-10-23", "atime": "04:23:38", "student": 47, "subject": 2, "division": 4}}, {"model": "attendence.attendence", "pk": 226, "fields": {"adate": "2017-10-23", "atime": "04:23:38", "student": 48, "subject": 2, "division": 4}}, {"model": "attendence.attendence", "pk": 227, "fields": {"adate": "2017-10-23", "atime": "04:23:38", "student": 49, "subject": 2, "division": 4}}, {"model": "attendence.attendence", "pk": 228, "fields": {"adate": "2017-10-23", "atime": "04:23:38", "student": 50, "subject": 2, "division": 4}}, {"model": "attendence.attendence", "pk": 229, "fields": {"adate": "2017-10-23", "atime": "04:23:38", "student": 51, "subject": 2, "division": 4}}, {"model": "attendence.attendence", "pk": 230, "fields": {"adate": "2017-10-23", "atime": "04:23:38", "student": 52, "subject": 2, "division": 4}}, {"model": "attendence.attendence", "pk": 231, "fields": {"adate": "2017-10-23", "atime": "04:23:38", "student": 53, "subject": 2, "division": 4}}, {"model": "attendence.attendence", "pk": 232, "fields": {"adate": "2017-10-23", "atime": "04:23:38", "student": 54, "subject": 2, "division": 4}}, {"model": "attendence.attendence", "pk": 233, "fields": {"adate": "2017-10-23", "atime": "04:23:38", "student": 55, "subject": 2, "division": 4}}, {"model": "attendence.attendence", "pk": 234, "fields": {"adate": "2017-10-23", "atime": "04:23:38", "student": 58, "subject": 2, "division": 4}}, {"model": "attendence.attendence", "pk": 235, "fields": {"adate": "2017-10-23", "atime": "04:23:38", "student": 59, "subject": 2, "division": 4}}, {"model": "attendence.attendence", "pk": 236, "fields": {"adate": "2017-10-23", "atime": "04:23:38", "student": 60, "subject": 2, "division": 4}}, {"model": "attendence.attendence", "pk": 237, "fields": {"adate": "2017-10-23", "atime": "04:23:38", "student": 61, "subject": 2, "division": 4}}, {"model": "attendence.attendence", "pk": 238, "fields": {"adate": "2017-10-23", "atime": "04:23:38", "student": 62, "subject": 2, "division": 4}}, {"model": "attendence.attendence", "pk": 239, "fields": {"adate": "2017-10-23", "atime": "04:23:38", "student": 63, "subject": 2, "division": 4}}, {"model": "attendence.attendence", "pk": 240, "fields": {"adate": "2017-10-23", "atime": "04:23:38", "student": 64, "subject": 2, "division": 4}}, {"model": "attendence.attendence", "pk": 241, "fields": {"adate": "2017-10-23", "atime": "04:23:38", "student": 65, "subject": 2, "division": 4}}, {"model": "attendence.attendence", "pk": 242, "fields": {"adate": "2017-10-23", "atime": "04:23:38", "student": 66, "subject": 2, "division": 4}}, {"model": "attendence.attendence", "pk": 243, "fields": {"adate": "2017-10-23", "atime": "04:23:38", "student": 67, "subject": 2, "division": 4}}, {"model": "attendence.attendence", "pk": 244, "fields": {"adate": "2017-10-23", "atime": "04:23:38", "student": 68, "subject": 2, "division": 4}}, {"model": "attendence.attendence", "pk": 245, "fields": {"adate": "2017-10-23", "atime": "04:23:38", "student": 69, "subject": 2, "division": 4}}, {"model": "attendence.attendence", "pk": 246, "fields": {"adate": "2017-10-23", "atime": "04:23:38", "student": 70, "subject": 2, "division": 4}}, {"model": "attendence.attendence", "pk": 247, "fields": {"adate": "2017-10-24", "atime": "04:24:10", "student": 2, "subject": 2, "division": 4}}, {"model": "attendence.attendence", "pk": 248, "fields": {"adate": "2017-10-24", "atime": "04:24:10", "student": 3, "subject": 2, "division": 4}}, {"model": "attendence.attendence", "pk": 249, "fields": {"adate": "2017-10-24", "atime": "04:24:10", "student": 5, "subject": 2, "division": 4}}, {"model": "attendence.attendence", "pk": 250, "fields": {"adate": "2017-10-24", "atime": "04:24:10", "student": 6, "subject": 2, "division": 4}}, {"model": "attendence.attendence", "pk": 251, "fields": {"adate": "2017-10-24", "atime": "04:24:10", "student": 7, "subject": 2, "division": 4}}, {"model": "attendence.attendence", "pk": 252, "fields": {"adate": "2017-10-24", "atime": "04:24:10", "student": 8, "subject": 2, "division": 4}}, {"model": "attendence.attendence", "pk": 253, "fields": {"adate": "2017-10-24", "atime": "04:24:10", "student": 9, "subject": 2, "division": 4}}, {"model": "attendence.attendence", "pk": 254, "fields": {"adate": "2017-10-24", "atime": "04:24:10", "student": 10, "subject": 2, "division": 4}}, {"model": "attendence.attendence", "pk": 255, "fields": {"adate": "2017-10-24", "atime": "04:24:10", "student": 11, "subject": 2, "division": 4}}, {"model": "attendence.attendence", "pk": 256, "fields": {"adate": "2017-10-24", "atime": "04:24:10", "student": 12, "subject": 2, "division": 4}}, {"model": "attendence.attendence", "pk": 257, "fields": {"adate": "2017-10-24", "atime": "04:24:11", "student": 13, "subject": 2, "division": 4}}, {"model": "attendence.attendence", "pk": 258, "fields": {"adate": "2017-10-24", "atime": "04:24:11", "student": 14, "subject": 2, "division": 4}}, {"model": "attendence.attendence", "pk": 259, "fields": {"adate": "2017-10-24", "atime": "04:24:11", "student": 15, "subject": 2, "division": 4}}, {"model": "attendence.attendence", "pk": 260, "fields": {"adate": "2017-10-24", "atime": "04:24:11", "student": 16, "subject": 2, "division": 4}}, {"model": "attendence.attendence", "pk": 261, "fields": {"adate": "2017-10-24", "atime": "04:24:11", "student": 18, "subject": 2, "division": 4}}, {"model": "attendence.attendence", "pk": 262, "fields": {"adate": "2017-10-24", "atime": "04:24:11", "student": 20, "subject": 2, "division": 4}}, {"model": "attendence.attendence", "pk": 263, "fields": {"adate": "2017-10-24", "atime": "04:24:11", "student": 22, "subject": 2, "division": 4}}, {"model": "attendence.attendence", "pk": 264, "fields": {"adate": "2017-10-24", "atime": "04:24:11", "student": 24, "subject": 2, "division": 4}}, {"model": "attendence.attendence", "pk": 265, "fields": {"adate": "2017-10-24", "atime": "04:24:11", "student": 25, "subject": 2, "division": 4}}, {"model": "attendence.attendence", "pk": 266, "fields": {"adate": "2017-10-24", "atime": "04:24:11", "student": 26, "subject": 2, "division": 4}}, {"model": "attendence.attendence", "pk": 267, "fields": {"adate": "2017-10-24", "atime": "04:24:11", "student": 27, "subject": 2, "division": 4}}, {"model": "attendence.attendence", "pk": 268, "fields": {"adate": "2017-10-24", "atime": "04:24:11", "student": 28, "subject": 2, "division": 4}}, {"model": "attendence.attendence", "pk": 269, "fields": {"adate": "2017-10-24", "atime": "04:24:11", "student": 29, "subject": 2, "division": 4}}, {"model": "attendence.attendence", "pk": 270, "fields": {"adate": "2017-10-24", "atime": "04:24:11", "student": 30, "subject": 2, "division": 4}}, {"model": "attendence.attendence", "pk": 271, "fields": {"adate": "2017-10-24", "atime": "04:24:11", "student": 31, "subject": 2, "division": 4}}, {"model": "attendence.attendence", "pk": 272, "fields": {"adate": "2017-10-24", "atime": "04:24:11", "student": 32, "subject": 2, "division": 4}}, {"model": "attendence.attendence", "pk": 273, "fields": {"adate": "2017-10-24", "atime": "04:24:11", "student": 33, "subject": 2, "division": 4}}, {"model": "attendence.attendence", "pk": 274, "fields": {"adate": "2017-10-24", "atime": "04:24:11", "student": 34, "subject": 2, "division": 4}}, {"model": "attendence.attendence", "pk": 275, "fields": {"adate": "2017-10-24", "atime": "04:24:11", "student": 35, "subject": 2, "division": 4}}, {"model": "attendence.attendence", "pk": 276, "fields": {"adate": "2017-10-24", "atime": "04:24:11", "student": 36, "subject": 2, "division": 4}}, {"model": "attendence.attendence", "pk": 277, "fields": {"adate": "2017-10-24", "atime": "04:24:11", "student": 37, "subject": 2, "division": 4}}, {"model": "attendence.attendence", "pk": 278, "fields": {"adate": "2017-10-24", "atime": "04:24:11", "student": 38, "subject": 2, "division": 4}}, {"model": "attendence.attendence", "pk": 279, "fields": {"adate": "2017-10-24", "atime": "04:24:11", "student": 41, "subject": 2, "division": 4}}, {"model": "attendence.attendence", "pk": 280, "fields": {"adate": "2017-10-24", "atime": "04:24:11", "student": 42, "subject": 2, "division": 4}}, {"model": "attendence.attendence", "pk": 281, "fields": {"adate": "2017-10-24", "atime": "04:24:11", "student": 43, "subject": 2, "division": 4}}, {"model": "attendence.attendence", "pk": 282, "fields": {"adate": "2017-10-24", "atime": "04:24:11", "student": 44, "subject": 2, "division": 4}}, {"model": "attendence.attendence", "pk": 283, "fields": {"adate": "2017-10-24", "atime": "04:24:11", "student": 45, "subject": 2, "division": 4}}, {"model": "attendence.attendence", "pk": 284, "fields": {"adate": "2017-10-24", "atime": "04:24:11", "student": 46, "subject": 2, "division": 4}}, {"model": "attendence.attendence", "pk": 285, "fields": {"adate": "2017-10-24", "atime": "04:24:11", "student": 47, "subject": 2, "division": 4}}, {"model": "attendence.attendence", "pk": 286, "fields": {"adate": "2017-10-24", "atime": "04:24:11", "student": 48, "subject": 2, "division": 4}}, {"model": "attendence.attendence", "pk": 287, "fields": {"adate": "2017-10-24", "atime": "04:24:12", "student": 49, "subject": 2, "division": 4}}, {"model": "attendence.attendence", "pk": 288, "fields": {"adate": "2017-10-24", "atime": "04:24:12", "student": 50, "subject": 2, "division": 4}}, {"model": "attendence.attendence", "pk": 289, "fields": {"adate": "2017-10-24", "atime": "04:24:12", "student": 51, "subject": 2, "division": 4}}, {"model": "attendence.attendence", "pk": 290, "fields": {"adate": "2017-10-24", "atime": "04:24:12", "student": 52, "subject": 2, "division": 4}}, {"model": "attendence.attendence", "pk": 291, "fields": {"adate": "2017-10-24", "atime": "04:24:12", "student": 53, "subject": 2, "division": 4}}, {"model": "attendence.attendence", "pk": 292, "fields": {"adate": "2017-10-24", "atime": "04:24:12", "student": 54, "subject": 2, "division": 4}}, {"model": "attendence.attendence", "pk": 293, "fields": {"adate": "2017-10-24", "atime": "04:24:12", "student": 55, "subject": 2, "division": 4}}, {"model": "attendence.attendence", "pk": 294, "fields": {"adate": "2017-10-24", "atime": "04:24:12", "student": 56, "subject": 2, "division": 4}}, {"model": "attendence.attendence", "pk": 295, "fields": {"adate": "2017-10-24", "atime": "04:24:12", "student": 58, "subject": 2, "division": 4}}, {"model": "attendence.attendence", "pk": 296, "fields": {"adate": "2017-10-24", "atime": "04:24:12", "student": 60, "subject": 2, "division": 4}}, {"model": "attendence.attendence", "pk": 297, "fields": {"adate": "2017-10-24", "atime": "04:24:12", "student": 61, "subject": 2, "division": 4}}, {"model": "attendence.attendence", "pk": 298, "fields": {"adate": "2017-10-24", "atime": "04:24:12", "student": 62, "subject": 2, "division": 4}}, {"model": "attendence.attendence", "pk": 299, "fields": {"adate": "2017-10-24", "atime": "04:24:12", "student": 63, "subject": 2, "division": 4}}, {"model": "attendence.attendence", "pk": 300, "fields": {"adate": "2017-10-24", "atime": "04:24:12", "student": 66, "subject": 2, "division": 4}}, {"model": "attendence.attendence", "pk": 301, "fields": {"adate": "2017-10-24", "atime": "04:24:12", "student": 67, "subject": 2, "division": 4}}, {"model": "attendence.attendence", "pk": 302, "fields": {"adate": "2017-10-24", "atime": "04:24:12", "student": 68, "subject": 2, "division": 4}}, {"model": "attendence.attendence", "pk": 303, "fields": {"adate": "2017-10-24", "atime": "04:24:12", "student": 69, "subject": 2, "division": 4}}, {"model": "attendence.attendence", "pk": 304, "fields": {"adate": "2017-10-25", "atime": "04:24:39", "student": 1, "subject": 2, "division": 4}}, {"model": "attendence.attendence", "pk": 305, "fields": {"adate": "2017-10-25", "atime": "04:24:39", "student": 3, "subject": 2, "division": 4}}, {"model": "attendence.attendence", "pk": 306, "fields": {"adate": "2017-10-25", "atime": "04:24:39", "student": 5, "subject": 2, "division": 4}}, {"model": "attendence.attendence", "pk": 307, "fields": {"adate": "2017-10-25", "atime": "04:24:39", "student": 7, "subject": 2, "division": 4}}, {"model": "attendence.attendence", "pk": 308, "fields": {"adate": "2017-10-25", "atime": "04:24:39", "student": 8, "subject": 2, "division": 4}}, {"model": "attendence.attendence", "pk": 309, "fields": {"adate": "2017-10-25", "atime": "04:24:39", "student": 9, "subject": 2, "division": 4}}, {"model": "attendence.attendence", "pk": 310, "fields": {"adate": "2017-10-25", "atime": "04:24:39", "student": 10, "subject": 2, "division": 4}}, {"model": "attendence.attendence", "pk": 311, "fields": {"adate": "2017-10-25", "atime": "04:24:39", "student": 11, "subject": 2, "division": 4}}, {"model": "attendence.attendence", "pk": 312, "fields": {"adate": "2017-10-25", "atime": "04:24:39", "student": 12, "subject": 2, "division": 4}}, {"model": "attendence.attendence", "pk": 313, "fields": {"adate": "2017-10-25", "atime": "04:24:39", "student": 13, "subject": 2, "division": 4}}, {"model": "attendence.attendence", "pk": 314, "fields": {"adate": "2017-10-25", "atime": "04:24:39", "student": 14, "subject": 2, "division": 4}}, {"model": "attendence.attendence", "pk": 315, "fields": {"adate": "2017-10-25", "atime": "04:24:39", "student": 15, "subject": 2, "division": 4}}, {"model": "attendence.attendence", "pk": 316, "fields": {"adate": "2017-10-25", "atime": "04:24:39", "student": 16, "subject": 2, "division": 4}}, {"model": "attendence.attendence", "pk": 317, "fields": {"adate": "2017-10-25", "atime": "04:24:39", "student": 17, "subject": 2, "division": 4}}, {"model": "attendence.attendence", "pk": 318, "fields": {"adate": "2017-10-25", "atime": "04:24:39", "student": 18, "subject": 2, "division": 4}}, {"model": "attendence.attendence", "pk": 319, "fields": {"adate": "2017-10-25", "atime": "04:24:39", "student": 19, "subject": 2, "division": 4}}, {"model": "attendence.attendence", "pk": 320, "fields": {"adate": "2017-10-25", "atime": "04:24:39", "student": 20, "subject": 2, "division": 4}}, {"model": "attendence.attendence", "pk": 321, "fields": {"adate": "2017-10-25", "atime": "04:24:39", "student": 21, "subject": 2, "division": 4}}, {"model": "attendence.attendence", "pk": 322, "fields": {"adate": "2017-10-25", "atime": "04:24:39", "student": 25, "subject": 2, "division": 4}}, {"model": "attendence.attendence", "pk": 323, "fields": {"adate": "2017-10-25", "atime": "04:24:39", "student": 26, "subject": 2, "division": 4}}, {"model": "attendence.attendence", "pk": 324, "fields": {"adate": "2017-10-25", "atime": "04:24:39", "student": 27, "subject": 2, "division": 4}}, {"model": "attendence.attendence", "pk": 325, "fields": {"adate": "2017-10-25", "atime": "04:24:40", "student": 28, "subject": 2, "division": 4}}, {"model": "attendence.attendence", "pk": 326, "fields": {"adate": "2017-10-25", "atime": "04:24:40", "student": 29, "subject": 2, "division": 4}}, {"model": "attendence.attendence", "pk": 327, "fields": {"adate": "2017-10-25", "atime": "04:24:40", "student": 30, "subject": 2, "division": 4}}, {"model": "attendence.attendence", "pk": 328, "fields": {"adate": "2017-10-25", "atime": "04:24:40", "student": 31, "subject": 2, "division": 4}}, {"model": "attendence.attendence", "pk": 329, "fields": {"adate": "2017-10-25", "atime": "04:24:40", "student": 32, "subject": 2, "division": 4}}, {"model": "attendence.attendence", "pk": 330, "fields": {"adate": "2017-10-25", "atime": "04:24:40", "student": 33, "subject": 2, "division": 4}}, {"model": "attendence.attendence", "pk": 331, "fields": {"adate": "2017-10-25", "atime": "04:24:40", "student": 34, "subject": 2, "division": 4}}, {"model": "attendence.attendence", "pk": 332, "fields": {"adate": "2017-10-25", "atime": "04:24:40", "student": 35, "subject": 2, "division": 4}}, {"model": "attendence.attendence", "pk": 333, "fields": {"adate": "2017-10-25", "atime": "04:24:40", "student": 36, "subject": 2, "division": 4}}, {"model": "attendence.attendence", "pk": 334, "fields": {"adate": "2017-10-25", "atime": "04:24:40", "student": 37, "subject": 2, "division": 4}}, {"model": "attendence.attendence", "pk": 335, "fields": {"adate": "2017-10-25", "atime": "04:24:40", "student": 38, "subject": 2, "division": 4}}, {"model": "attendence.attendence", "pk": 336, "fields": {"adate": "2017-10-25", "atime": "04:24:40", "student": 39, "subject": 2, "division": 4}}, {"model": "attendence.attendence", "pk": 337, "fields": {"adate": "2017-10-25", "atime": "04:24:40", "student": 40, "subject": 2, "division": 4}}, {"model": "attendence.attendence", "pk": 338, "fields": {"adate": "2017-10-25", "atime": "04:24:40", "student": 41, "subject": 2, "division": 4}}, {"model": "attendence.attendence", "pk": 339, "fields": {"adate": "2017-10-25", "atime": "04:24:40", "student": 43, "subject": 2, "division": 4}}, {"model": "attendence.attendence", "pk": 340, "fields": {"adate": "2017-10-25", "atime": "04:24:40", "student": 44, "subject": 2, "division": 4}}, {"model": "attendence.attendence", "pk": 341, "fields": {"adate": "2017-10-25", "atime": "04:24:40", "student": 45, "subject": 2, "division": 4}}, {"model": "attendence.attendence", "pk": 342, "fields": {"adate": "2017-10-25", "atime": "04:24:40", "student": 46, "subject": 2, "division": 4}}, {"model": "attendence.attendence", "pk": 343, "fields": {"adate": "2017-10-25", "atime": "04:24:40", "student": 47, "subject": 2, "division": 4}}, {"model": "attendence.attendence", "pk": 344, "fields": {"adate": "2017-10-25", "atime": "04:24:40", "student": 48, "subject": 2, "division": 4}}, {"model": "attendence.attendence", "pk": 345, "fields": {"adate": "2017-10-25", "atime": "04:24:40", "student": 49, "subject": 2, "division": 4}}, {"model": "attendence.attendence", "pk": 346, "fields": {"adate": "2017-10-25", "atime": "04:24:40", "student": 50, "subject": 2, "division": 4}}, {"model": "attendence.attendence", "pk": 347, "fields": {"adate": "2017-10-25", "atime": "04:24:40", "student": 51, "subject": 2, "division": 4}}, {"model": "attendence.attendence", "pk": 348, "fields": {"adate": "2017-10-25", "atime": "04:24:40", "student": 52, "subject": 2, "division": 4}}, {"model": "attendence.attendence", "pk": 349, "fields": {"adate": "2017-10-25", "atime": "04:24:40", "student": 53, "subject": 2, "division": 4}}, {"model": "attendence.attendence", "pk": 350, "fields": {"adate": "2017-10-25", "atime": "04:24:40", "student": 54, "subject": 2, "division": 4}}, {"model": "attendence.attendence", "pk": 351, "fields": {"adate": "2017-10-25", "atime": "04:24:40", "student": 55, "subject": 2, "division": 4}}, {"model": "attendence.attendence", "pk": 352, "fields": {"adate": "2017-10-25", "atime": "04:24:40", "student": 57, "subject": 2, "division": 4}}, {"model": "attendence.attendence", "pk": 353, "fields": {"adate": "2017-10-25", "atime": "04:24:40", "student": 58, "subject": 2, "division": 4}}, {"model": "attendence.attendence", "pk": 354, "fields": {"adate": "2017-10-25", "atime": "04:24:40", "student": 59, "subject": 2, "division": 4}}, {"model": "attendence.attendence", "pk": 355, "fields": {"adate": "2017-10-25", "atime": "04:24:41", "student": 60, "subject": 2, "division": 4}}, {"model": "attendence.attendence", "pk": 356, "fields": {"adate": "2017-10-25", "atime": "04:24:41", "student": 61, "subject": 2, "division": 4}}, {"model": "attendence.attendence", "pk": 357, "fields": {"adate": "2017-10-25", "atime": "04:24:41", "student": 62, "subject": 2, "division": 4}}, {"model": "attendence.attendence", "pk": 358, "fields": {"adate": "2017-10-25", "atime": "04:24:41", "student": 63, "subject": 2, "division": 4}}, {"model": "attendence.attendence", "pk": 359, "fields": {"adate": "2017-10-25", "atime": "04:24:41", "student": 64, "subject": 2, "division": 4}}, {"model": "attendence.attendence", "pk": 360, "fields": {"adate": "2017-10-25", "atime": "04:24:41", "student": 65, "subject": 2, "division": 4}}, {"model": "attendence.attendence", "pk": 361, "fields": {"adate": "2017-10-25", "atime": "04:24:41", "student": 66, "subject": 2, "division": 4}}, {"model": "attendence.attendence", "pk": 362, "fields": {"adate": "2017-10-25", "atime": "04:24:41", "student": 67, "subject": 2, "division": 4}}, {"model": "attendence.attendence", "pk": 363, "fields": {"adate": "2017-10-25", "atime": "04:24:41", "student": 68, "subject": 2, "division": 4}}, {"model": "attendence.attendence", "pk": 364, "fields": {"adate": "2017-10-25", "atime": "04:24:41", "student": 69, "subject": 2, "division": 4}}, {"model": "attendence.attendence", "pk": 365, "fields": {"adate": "2017-10-25", "atime": "04:24:41", "student": 70, "subject": 2, "division": 4}}, {"model": "attendence.attendence", "pk": 366, "fields": {"adate": "2017-10-23", "atime": "04:26:10", "student": 1, "subject": 3, "division": 4}}, {"model": "attendence.attendence", "pk": 367, "fields": {"adate": "2017-10-23", "atime": "04:26:10", "student": 3, "subject": 3, "division": 4}}, {"model": "attendence.attendence", "pk": 368, "fields": {"adate": "2017-10-23", "atime": "04:26:10", "student": 4, "subject": 3, "division": 4}}, {"model": "attendence.attendence", "pk": 369, "fields": {"adate": "2017-10-23", "atime": "04:26:11", "student": 5, "subject": 3, "division": 4}}, {"model": "attendence.attendence", "pk": 370, "fields": {"adate": "2017-10-23", "atime": "04:26:11", "student": 6, "subject": 3, "division": 4}}, {"model": "attendence.attendence", "pk": 371, "fields": {"adate": "2017-10-23", "atime": "04:26:11", "student": 7, "subject": 3, "division": 4}}, {"model": "attendence.attendence", "pk": 372, "fields": {"adate": "2017-10-23", "atime": "04:26:11", "student": 8, "subject": 3, "division": 4}}, {"model": "attendence.attendence", "pk": 373, "fields": {"adate": "2017-10-23", "atime": "04:26:11", "student": 9, "subject": 3, "division": 4}}, {"model": "attendence.attendence", "pk": 374, "fields": {"adate": "2017-10-23", "atime": "04:26:11", "student": 10, "subject": 3, "division": 4}}, {"model": "attendence.attendence", "pk": 375, "fields": {"adate": "2017-10-23", "atime": "04:26:11", "student": 12, "subject": 3, "division": 4}}, {"model": "attendence.attendence", "pk": 376, "fields": {"adate": "2017-10-23", "atime": "04:26:11", "student": 14, "subject": 3, "division": 4}}, {"model": "attendence.attendence", "pk": 377, "fields": {"adate": "2017-10-23", "atime": "04:26:11", "student": 16, "subject": 3, "division": 4}}, {"model": "attendence.attendence", "pk": 378, "fields": {"adate": "2017-10-23", "atime": "04:26:11", "student": 17, "subject": 3, "division": 4}}, {"model": "attendence.attendence", "pk": 379, "fields": {"adate": "2017-10-23", "atime": "04:26:11", "student": 18, "subject": 3, "division": 4}}, {"model": "attendence.attendence", "pk": 380, "fields": {"adate": "2017-10-23", "atime": "04:26:11", "student": 19, "subject": 3, "division": 4}}, {"model": "attendence.attendence", "pk": 381, "fields": {"adate": "2017-10-23", "atime": "04:26:11", "student": 20, "subject": 3, "division": 4}}, {"model": "attendence.attendence", "pk": 382, "fields": {"adate": "2017-10-23", "atime": "04:26:11", "student": 21, "subject": 3, "division": 4}}, {"model": "attendence.attendence", "pk": 383, "fields": {"adate": "2017-10-23", "atime": "04:26:11", "student": 22, "subject": 3, "division": 4}}, {"model": "attendence.attendence", "pk": 384, "fields": {"adate": "2017-10-23", "atime": "04:26:11", "student": 23, "subject": 3, "division": 4}}, {"model": "attendence.attendence", "pk": 385, "fields": {"adate": "2017-10-23", "atime": "04:26:11", "student": 24, "subject": 3, "division": 4}}, {"model": "attendence.attendence", "pk": 386, "fields": {"adate": "2017-10-23", "atime": "04:26:11", "student": 25, "subject": 3, "division": 4}}, {"model": "attendence.attendence", "pk": 387, "fields": {"adate": "2017-10-23", "atime": "04:26:11", "student": 26, "subject": 3, "division": 4}}, {"model": "attendence.attendence", "pk": 388, "fields": {"adate": "2017-10-23", "atime": "04:26:11", "student": 27, "subject": 3, "division": 4}}, {"model": "attendence.attendence", "pk": 389, "fields": {"adate": "2017-10-23", "atime": "04:26:11", "student": 28, "subject": 3, "division": 4}}, {"model": "attendence.attendence", "pk": 390, "fields": {"adate": "2017-10-23", "atime": "04:26:11", "student": 29, "subject": 3, "division": 4}}, {"model": "attendence.attendence", "pk": 391, "fields": {"adate": "2017-10-23", "atime": "04:26:11", "student": 30, "subject": 3, "division": 4}}, {"model": "attendence.attendence", "pk": 392, "fields": {"adate": "2017-10-23", "atime": "04:26:11", "student": 31, "subject": 3, "division": 4}}, {"model": "attendence.attendence", "pk": 393, "fields": {"adate": "2017-10-23", "atime": "04:26:11", "student": 33, "subject": 3, "division": 4}}, {"model": "attendence.attendence", "pk": 394, "fields": {"adate": "2017-10-23", "atime": "04:26:11", "student": 35, "subject": 3, "division": 4}}, {"model": "attendence.attendence", "pk": 395, "fields": {"adate": "2017-10-23", "atime": "04:26:11", "student": 36, "subject": 3, "division": 4}}, {"model": "attendence.attendence", "pk": 396, "fields": {"adate": "2017-10-23", "atime": "04:26:12", "student": 37, "subject": 3, "division": 4}}, {"model": "attendence.attendence", "pk": 397, "fields": {"adate": "2017-10-23", "atime": "04:26:12", "student": 38, "subject": 3, "division": 4}}, {"model": "attendence.attendence", "pk": 398, "fields": {"adate": "2017-10-23", "atime": "04:26:12", "student": 39, "subject": 3, "division": 4}}, {"model": "attendence.attendence", "pk": 399, "fields": {"adate": "2017-10-23", "atime": "04:26:12", "student": 40, "subject": 3, "division": 4}}, {"model": "attendence.attendence", "pk": 400, "fields": {"adate": "2017-10-23", "atime": "04:26:12", "student": 41, "subject": 3, "division": 4}}, {"model": "attendence.attendence", "pk": 401, "fields": {"adate": "2017-10-23", "atime": "04:26:12", "student": 42, "subject": 3, "division": 4}}, {"model": "attendence.attendence", "pk": 402, "fields": {"adate": "2017-10-23", "atime": "04:26:12", "student": 43, "subject": 3, "division": 4}}, {"model": "attendence.attendence", "pk": 403, "fields": {"adate": "2017-10-23", "atime": "04:26:12", "student": 44, "subject": 3, "division": 4}}, {"model": "attendence.attendence", "pk": 404, "fields": {"adate": "2017-10-23", "atime": "04:26:12", "student": 45, "subject": 3, "division": 4}}, {"model": "attendence.attendence", "pk": 405, "fields": {"adate": "2017-10-23", "atime": "04:26:12", "student": 46, "subject": 3, "division": 4}}, {"model": "attendence.attendence", "pk": 406, "fields": {"adate": "2017-10-23", "atime": "04:26:12", "student": 47, "subject": 3, "division": 4}}, {"model": "attendence.attendence", "pk": 407, "fields": {"adate": "2017-10-23", "atime": "04:26:12", "student": 48, "subject": 3, "division": 4}}, {"model": "attendence.attendence", "pk": 408, "fields": {"adate": "2017-10-23", "atime": "04:26:12", "student": 49, "subject": 3, "division": 4}}, {"model": "attendence.attendence", "pk": 409, "fields": {"adate": "2017-10-23", "atime": "04:26:12", "student": 50, "subject": 3, "division": 4}}, {"model": "attendence.attendence", "pk": 410, "fields": {"adate": "2017-10-23", "atime": "04:26:12", "student": 51, "subject": 3, "division": 4}}, {"model": "attendence.attendence", "pk": 411, "fields": {"adate": "2017-10-23", "atime": "04:26:12", "student": 52, "subject": 3, "division": 4}}, {"model": "attendence.attendence", "pk": 412, "fields": {"adate": "2017-10-23", "atime": "04:26:12", "student": 53, "subject": 3, "division": 4}}, {"model": "attendence.attendence", "pk": 413, "fields": {"adate": "2017-10-23", "atime": "04:26:12", "student": 54, "subject": 3, "division": 4}}, {"model": "attendence.attendence", "pk": 414, "fields": {"adate": "2017-10-23", "atime": "04:26:12", "student": 55, "subject": 3, "division": 4}}, {"model": "attendence.attendence", "pk": 415, "fields": {"adate": "2017-10-23", "atime": "04:26:12", "student": 56, "subject": 3, "division": 4}}, {"model": "attendence.attendence", "pk": 416, "fields": {"adate": "2017-10-23", "atime": "04:26:12", "student": 57, "subject": 3, "division": 4}}, {"model": "attendence.attendence", "pk": 417, "fields": {"adate": "2017-10-23", "atime": "04:26:12", "student": 58, "subject": 3, "division": 4}}, {"model": "attendence.attendence", "pk": 418, "fields": {"adate": "2017-10-23", "atime": "04:26:12", "student": 59, "subject": 3, "division": 4}}, {"model": "attendence.attendence", "pk": 419, "fields": {"adate": "2017-10-23", "atime": "04:26:12", "student": 60, "subject": 3, "division": 4}}, {"model": "attendence.attendence", "pk": 420, "fields": {"adate": "2017-10-23", "atime": "04:26:12", "student": 61, "subject": 3, "division": 4}}, {"model": "attendence.attendence", "pk": 421, "fields": {"adate": "2017-10-23", "atime": "04:26:12", "student": 62, "subject": 3, "division": 4}}, {"model": "attendence.attendence", "pk": 422, "fields": {"adate": "2017-10-23", "atime": "04:26:12", "student": 63, "subject": 3, "division": 4}}, {"model": "attendence.attendence", "pk": 423, "fields": {"adate": "2017-10-23", "atime": "04:26:12", "student": 64, "subject": 3, "division": 4}}, {"model": "attendence.attendence", "pk": 424, "fields": {"adate": "2017-10-23", "atime": "04:26:12", "student": 65, "subject": 3, "division": 4}}, {"model": "attendence.attendence", "pk": 425, "fields": {"adate": "2017-10-23", "atime": "04:26:12", "student": 66, "subject": 3, "division": 4}}, {"model": "attendence.attendence", "pk": 426, "fields": {"adate": "2017-10-23", "atime": "04:26:13", "student": 67, "subject": 3, "division": 4}}, {"model": "attendence.attendence", "pk": 427, "fields": {"adate": "2017-10-23", "atime": "04:26:13", "student": 68, "subject": 3, "division": 4}}, {"model": "attendence.attendence", "pk": 428, "fields": {"adate": "2017-10-23", "atime": "04:26:13", "student": 69, "subject": 3, "division": 4}}, {"model": "attendence.attendence", "pk": 429, "fields": {"adate": "2017-10-23", "atime": "04:26:13", "student": 70, "subject": 3, "division": 4}}, {"model": "attendence.attendence", "pk": 430, "fields": {"adate": "2017-10-24", "atime": "04:26:39", "student": 2, "subject": 3, "division": 4}}, {"model": "attendence.attendence", "pk": 431, "fields": {"adate": "2017-10-24", "atime": "04:26:40", "student": 3, "subject": 3, "division": 4}}, {"model": "attendence.attendence", "pk": 432, "fields": {"adate": "2017-10-24", "atime": "04:26:40", "student": 4, "subject": 3, "division": 4}}, {"model": "attendence.attendence", "pk": 433, "fields": {"adate": "2017-10-24", "atime": "04:26:40", "student": 5, "subject": 3, "division": 4}}, {"model": "attendence.attendence", "pk": 434, "fields": {"adate": "2017-10-24", "atime": "04:26:40", "student": 6, "subject": 3, "division": 4}}, {"model": "attendence.attendence", "pk": 435, "fields": {"adate": "2017-10-24", "atime": "04:26:40", "student": 7, "subject": 3, "division": 4}}, {"model": "attendence.attendence", "pk": 436, "fields": {"adate": "2017-10-24", "atime": "04:26:40", "student": 8, "subject": 3, "division": 4}}, {"model": "attendence.attendence", "pk": 437, "fields": {"adate": "2017-10-24", "atime": "04:26:40", "student": 9, "subject": 3, "division": 4}}, {"model": "attendence.attendence", "pk": 438, "fields": {"adate": "2017-10-24", "atime": "04:26:40", "student": 10, "subject": 3, "division": 4}}, {"model": "attendence.attendence", "pk": 439, "fields": {"adate": "2017-10-24", "atime": "04:26:40", "student": 11, "subject": 3, "division": 4}}, {"model": "attendence.attendence", "pk": 440, "fields": {"adate": "2017-10-24", "atime": "04:26:40", "student": 12, "subject": 3, "division": 4}}, {"model": "attendence.attendence", "pk": 441, "fields": {"adate": "2017-10-24", "atime": "04:26:40", "student": 16, "subject": 3, "division": 4}}, {"model": "attendence.attendence", "pk": 442, "fields": {"adate": "2017-10-24", "atime": "04:26:40", "student": 17, "subject": 3, "division": 4}}, {"model": "attendence.attendence", "pk": 443, "fields": {"adate": "2017-10-24", "atime": "04:26:40", "student": 18, "subject": 3, "division": 4}}, {"model": "attendence.attendence", "pk": 444, "fields": {"adate": "2017-10-24", "atime": "04:26:40", "student": 19, "subject": 3, "division": 4}}, {"model": "attendence.attendence", "pk": 445, "fields": {"adate": "2017-10-24", "atime": "04:26:40", "student": 20, "subject": 3, "division": 4}}, {"model": "attendence.attendence", "pk": 446, "fields": {"adate": "2017-10-24", "atime": "04:26:40", "student": 21, "subject": 3, "division": 4}}, {"model": "attendence.attendence", "pk": 447, "fields": {"adate": "2017-10-24", "atime": "04:26:40", "student": 22, "subject": 3, "division": 4}}, {"model": "attendence.attendence", "pk": 448, "fields": {"adate": "2017-10-24", "atime": "04:26:40", "student": 23, "subject": 3, "division": 4}}, {"model": "attendence.attendence", "pk": 449, "fields": {"adate": "2017-10-24", "atime": "04:26:40", "student": 24, "subject": 3, "division": 4}}, {"model": "attendence.attendence", "pk": 450, "fields": {"adate": "2017-10-24", "atime": "04:26:40", "student": 25, "subject": 3, "division": 4}}, {"model": "attendence.attendence", "pk": 451, "fields": {"adate": "2017-10-24", "atime": "04:26:40", "student": 26, "subject": 3, "division": 4}}, {"model": "attendence.attendence", "pk": 452, "fields": {"adate": "2017-10-24", "atime": "04:26:40", "student": 27, "subject": 3, "division": 4}}, {"model": "attendence.attendence", "pk": 453, "fields": {"adate": "2017-10-24", "atime": "04:26:40", "student": 28, "subject": 3, "division": 4}}, {"model": "attendence.attendence", "pk": 454, "fields": {"adate": "2017-10-24", "atime": "04:26:40", "student": 30, "subject": 3, "division": 4}}, {"model": "attendence.attendence", "pk": 455, "fields": {"adate": "2017-10-24", "atime": "04:26:40", "student": 32, "subject": 3, "division": 4}}, {"model": "attendence.attendence", "pk": 456, "fields": {"adate": "2017-10-24", "atime": "04:26:40", "student": 33, "subject": 3, "division": 4}}, {"model": "attendence.attendence", "pk": 457, "fields": {"adate": "2017-10-24", "atime": "04:26:41", "student": 35, "subject": 3, "division": 4}}, {"model": "attendence.attendence", "pk": 458, "fields": {"adate": "2017-10-24", "atime": "04:26:41", "student": 36, "subject": 3, "division": 4}}, {"model": "attendence.attendence", "pk": 459, "fields": {"adate": "2017-10-24", "atime": "04:26:41", "student": 37, "subject": 3, "division": 4}}, {"model": "attendence.attendence", "pk": 460, "fields": {"adate": "2017-10-24", "atime": "04:26:41", "student": 38, "subject": 3, "division": 4}}, {"model": "attendence.attendence", "pk": 461, "fields": {"adate": "2017-10-24", "atime": "04:26:41", "student": 39, "subject": 3, "division": 4}}, {"model": "attendence.attendence", "pk": 462, "fields": {"adate": "2017-10-24", "atime": "04:26:41", "student": 40, "subject": 3, "division": 4}}, {"model": "attendence.attendence", "pk": 463, "fields": {"adate": "2017-10-24", "atime": "04:26:41", "student": 41, "subject": 3, "division": 4}}, {"model": "attendence.attendence", "pk": 464, "fields": {"adate": "2017-10-24", "atime": "04:26:41", "student": 42, "subject": 3, "division": 4}}, {"model": "attendence.attendence", "pk": 465, "fields": {"adate": "2017-10-24", "atime": "04:26:41", "student": 43, "subject": 3, "division": 4}}, {"model": "attendence.attendence", "pk": 466, "fields": {"adate": "2017-10-24", "atime": "04:26:41", "student": 44, "subject": 3, "division": 4}}, {"model": "attendence.attendence", "pk": 467, "fields": {"adate": "2017-10-24", "atime": "04:26:41", "student": 45, "subject": 3, "division": 4}}, {"model": "attendence.attendence", "pk": 468, "fields": {"adate": "2017-10-24", "atime": "04:26:41", "student": 46, "subject": 3, "division": 4}}, {"model": "attendence.attendence", "pk": 469, "fields": {"adate": "2017-10-24", "atime": "04:26:41", "student": 47, "subject": 3, "division": 4}}, {"model": "attendence.attendence", "pk": 470, "fields": {"adate": "2017-10-24", "atime": "04:26:41", "student": 48, "subject": 3, "division": 4}}, {"model": "attendence.attendence", "pk": 471, "fields": {"adate": "2017-10-24", "atime": "04:26:41", "student": 49, "subject": 3, "division": 4}}, {"model": "attendence.attendence", "pk": 472, "fields": {"adate": "2017-10-24", "atime": "04:26:41", "student": 50, "subject": 3, "division": 4}}, {"model": "attendence.attendence", "pk": 473, "fields": {"adate": "2017-10-24", "atime": "04:26:41", "student": 51, "subject": 3, "division": 4}}, {"model": "attendence.attendence", "pk": 474, "fields": {"adate": "2017-10-24", "atime": "04:26:41", "student": 52, "subject": 3, "division": 4}}, {"model": "attendence.attendence", "pk": 475, "fields": {"adate": "2017-10-24", "atime": "04:26:41", "student": 53, "subject": 3, "division": 4}}, {"model": "attendence.attendence", "pk": 476, "fields": {"adate": "2017-10-24", "atime": "04:26:41", "student": 54, "subject": 3, "division": 4}}, {"model": "attendence.attendence", "pk": 477, "fields": {"adate": "2017-10-24", "atime": "04:26:41", "student": 55, "subject": 3, "division": 4}}, {"model": "attendence.attendence", "pk": 478, "fields": {"adate": "2017-10-24", "atime": "04:26:41", "student": 56, "subject": 3, "division": 4}}, {"model": "attendence.attendence", "pk": 479, "fields": {"adate": "2017-10-24", "atime": "04:26:41", "student": 57, "subject": 3, "division": 4}}, {"model": "attendence.attendence", "pk": 480, "fields": {"adate": "2017-10-24", "atime": "04:26:41", "student": 58, "subject": 3, "division": 4}}, {"model": "attendence.attendence", "pk": 481, "fields": {"adate": "2017-10-24", "atime": "04:26:41", "student": 59, "subject": 3, "division": 4}}, {"model": "attendence.attendence", "pk": 482, "fields": {"adate": "2017-10-24", "atime": "04:26:41", "student": 60, "subject": 3, "division": 4}}, {"model": "attendence.attendence", "pk": 483, "fields": {"adate": "2017-10-24", "atime": "04:26:41", "student": 61, "subject": 3, "division": 4}}, {"model": "attendence.attendence", "pk": 484, "fields": {"adate": "2017-10-24", "atime": "04:26:41", "student": 62, "subject": 3, "division": 4}}, {"model": "attendence.attendence", "pk": 485, "fields": {"adate": "2017-10-24", "atime": "04:26:42", "student": 63, "subject": 3, "division": 4}}, {"model": "attendence.attendence", "pk": 486, "fields": {"adate": "2017-10-24", "atime": "04:26:42", "student": 64, "subject": 3, "division": 4}}, {"model": "attendence.attendence", "pk": 487, "fields": {"adate": "2017-10-24", "atime": "04:26:42", "student": 65, "subject": 3, "division": 4}}, {"model": "attendence.attendence", "pk": 488, "fields": {"adate": "2017-10-24", "atime": "04:26:42", "student": 66, "subject": 3, "division": 4}}, {"model": "attendence.attendence", "pk": 489, "fields": {"adate": "2017-10-24", "atime": "04:26:42", "student": 67, "subject": 3, "division": 4}}, {"model": "attendence.attendence", "pk": 490, "fields": {"adate": "2017-10-24", "atime": "04:26:42", "student": 68, "subject": 3, "division": 4}}, {"model": "attendence.attendence", "pk": 491, "fields": {"adate": "2017-10-24", "atime": "04:26:42", "student": 69, "subject": 3, "division": 4}}, {"model": "attendence.attendence", "pk": 492, "fields": {"adate": "2017-10-24", "atime": "04:26:42", "student": 70, "subject": 3, "division": 4}}, {"model": "attendence.attendence", "pk": 493, "fields": {"adate": "2017-10-25", "atime": "04:27:20", "student": 1, "subject": 3, "division": 4}}, {"model": "attendence.attendence", "pk": 494, "fields": {"adate": "2017-10-25", "atime": "04:27:20", "student": 2, "subject": 3, "division": 4}}, {"model": "attendence.attendence", "pk": 495, "fields": {"adate": "2017-10-25", "atime": "04:27:20", "student": 3, "subject": 3, "division": 4}}, {"model": "attendence.attendence", "pk": 496, "fields": {"adate": "2017-10-25", "atime": "04:27:20", "student": 5, "subject": 3, "division": 4}}, {"model": "attendence.attendence", "pk": 497, "fields": {"adate": "2017-10-25", "atime": "04:27:20", "student": 6, "subject": 3, "division": 4}}, {"model": "attendence.attendence", "pk": 498, "fields": {"adate": "2017-10-25", "atime": "04:27:20", "student": 7, "subject": 3, "division": 4}}, {"model": "attendence.attendence", "pk": 499, "fields": {"adate": "2017-10-25", "atime": "04:27:20", "student": 8, "subject": 3, "division": 4}}, {"model": "attendence.attendence", "pk": 500, "fields": {"adate": "2017-10-25", "atime": "04:27:20", "student": 9, "subject": 3, "division": 4}}, {"model": "attendence.attendence", "pk": 501, "fields": {"adate": "2017-10-25", "atime": "04:27:21", "student": 10, "subject": 3, "division": 4}}, {"model": "attendence.attendence", "pk": 502, "fields": {"adate": "2017-10-25", "atime": "04:27:21", "student": 11, "subject": 3, "division": 4}}, {"model": "attendence.attendence", "pk": 503, "fields": {"adate": "2017-10-25", "atime": "04:27:21", "student": 12, "subject": 3, "division": 4}}, {"model": "attendence.attendence", "pk": 504, "fields": {"adate": "2017-10-25", "atime": "04:27:21", "student": 13, "subject": 3, "division": 4}}, {"model": "attendence.attendence", "pk": 505, "fields": {"adate": "2017-10-25", "atime": "04:27:21", "student": 14, "subject": 3, "division": 4}}, {"model": "attendence.attendence", "pk": 506, "fields": {"adate": "2017-10-25", "atime": "04:27:21", "student": 18, "subject": 3, "division": 4}}, {"model": "attendence.attendence", "pk": 507, "fields": {"adate": "2017-10-25", "atime": "04:27:21", "student": 19, "subject": 3, "division": 4}}, {"model": "attendence.attendence", "pk": 508, "fields": {"adate": "2017-10-25", "atime": "04:27:21", "student": 20, "subject": 3, "division": 4}}, {"model": "attendence.attendence", "pk": 509, "fields": {"adate": "2017-10-25", "atime": "04:27:21", "student": 21, "subject": 3, "division": 4}}, {"model": "attendence.attendence", "pk": 510, "fields": {"adate": "2017-10-25", "atime": "04:27:21", "student": 23, "subject": 3, "division": 4}}, {"model": "attendence.attendence", "pk": 511, "fields": {"adate": "2017-10-25", "atime": "04:27:21", "student": 24, "subject": 3, "division": 4}}, {"model": "attendence.attendence", "pk": 512, "fields": {"adate": "2017-10-25", "atime": "04:27:21", "student": 25, "subject": 3, "division": 4}}, {"model": "attendence.attendence", "pk": 513, "fields": {"adate": "2017-10-25", "atime": "04:27:21", "student": 26, "subject": 3, "division": 4}}, {"model": "attendence.attendence", "pk": 514, "fields": {"adate": "2017-10-25", "atime": "04:27:21", "student": 27, "subject": 3, "division": 4}}, {"model": "attendence.attendence", "pk": 515, "fields": {"adate": "2017-10-25", "atime": "04:27:21", "student": 28, "subject": 3, "division": 4}}, {"model": "attendence.attendence", "pk": 516, "fields": {"adate": "2017-10-25", "atime": "04:27:21", "student": 29, "subject": 3, "division": 4}}, {"model": "attendence.attendence", "pk": 517, "fields": {"adate": "2017-10-25", "atime": "04:27:21", "student": 30, "subject": 3, "division": 4}}, {"model": "attendence.attendence", "pk": 518, "fields": {"adate": "2017-10-25", "atime": "04:27:21", "student": 31, "subject": 3, "division": 4}}, {"model": "attendence.attendence", "pk": 519, "fields": {"adate": "2017-10-25", "atime": "04:27:21", "student": 32, "subject": 3, "division": 4}}, {"model": "attendence.attendence", "pk": 520, "fields": {"adate": "2017-10-25", "atime": "04:27:21", "student": 33, "subject": 3, "division": 4}}, {"model": "attendence.attendence", "pk": 521, "fields": {"adate": "2017-10-25", "atime": "04:27:21", "student": 34, "subject": 3, "division": 4}}, {"model": "attendence.attendence", "pk": 522, "fields": {"adate": "2017-10-25", "atime": "04:27:21", "student": 35, "subject": 3, "division": 4}}, {"model": "attendence.attendence", "pk": 523, "fields": {"adate": "2017-10-25", "atime": "04:27:21", "student": 36, "subject": 3, "division": 4}}, {"model": "attendence.attendence", "pk": 524, "fields": {"adate": "2017-10-25", "atime": "04:27:21", "student": 38, "subject": 3, "division": 4}}, {"model": "attendence.attendence", "pk": 525, "fields": {"adate": "2017-10-25", "atime": "04:27:21", "student": 39, "subject": 3, "division": 4}}, {"model": "attendence.attendence", "pk": 526, "fields": {"adate": "2017-10-25", "atime": "04:27:21", "student": 40, "subject": 3, "division": 4}}, {"model": "attendence.attendence", "pk": 527, "fields": {"adate": "2017-10-25", "atime": "04:27:21", "student": 41, "subject": 3, "division": 4}}, {"model": "attendence.attendence", "pk": 528, "fields": {"adate": "2017-10-25", "atime": "04:27:21", "student": 42, "subject": 3, "division": 4}}, {"model": "attendence.attendence", "pk": 529, "fields": {"adate": "2017-10-25", "atime": "04:27:21", "student": 43, "subject": 3, "division": 4}}, {"model": "attendence.attendence", "pk": 530, "fields": {"adate": "2017-10-25", "atime": "04:27:21", "student": 44, "subject": 3, "division": 4}}, {"model": "attendence.attendence", "pk": 531, "fields": {"adate": "2017-10-25", "atime": "04:27:22", "student": 45, "subject": 3, "division": 4}}, {"model": "attendence.attendence", "pk": 532, "fields": {"adate": "2017-10-25", "atime": "04:27:22", "student": 46, "subject": 3, "division": 4}}, {"model": "attendence.attendence", "pk": 533, "fields": {"adate": "2017-10-25", "atime": "04:27:22", "student": 48, "subject": 3, "division": 4}}, {"model": "attendence.attendence", "pk": 534, "fields": {"adate": "2017-10-25", "atime": "04:27:22", "student": 49, "subject": 3, "division": 4}}, {"model": "attendence.attendence", "pk": 535, "fields": {"adate": "2017-10-25", "atime": "04:27:22", "student": 50, "subject": 3, "division": 4}}, {"model": "attendence.attendence", "pk": 536, "fields": {"adate": "2017-10-25", "atime": "04:27:22", "student": 51, "subject": 3, "division": 4}}, {"model": "attendence.attendence", "pk": 537, "fields": {"adate": "2017-10-25", "atime": "04:27:22", "student": 52, "subject": 3, "division": 4}}, {"model": "attendence.attendence", "pk": 538, "fields": {"adate": "2017-10-25", "atime": "04:27:22", "student": 53, "subject": 3, "division": 4}}, {"model": "attendence.attendence", "pk": 539, "fields": {"adate": "2017-10-25", "atime": "04:27:22", "student": 54, "subject": 3, "division": 4}}, {"model": "attendence.attendence", "pk": 540, "fields": {"adate": "2017-10-25", "atime": "04:27:22", "student": 55, "subject": 3, "division": 4}}, {"model": "attendence.attendence", "pk": 541, "fields": {"adate": "2017-10-25", "atime": "04:27:22", "student": 56, "subject": 3, "division": 4}}, {"model": "attendence.attendence", "pk": 542, "fields": {"adate": "2017-10-25", "atime": "04:27:22", "student": 57, "subject": 3, "division": 4}}, {"model": "attendence.attendence", "pk": 543, "fields": {"adate": "2017-10-25", "atime": "04:27:22", "student": 58, "subject": 3, "division": 4}}, {"model": "attendence.attendence", "pk": 544, "fields": {"adate": "2017-10-25", "atime": "04:27:22", "student": 59, "subject": 3, "division": 4}}, {"model": "attendence.attendence", "pk": 545, "fields": {"adate": "2017-10-25", "atime": "04:27:22", "student": 60, "subject": 3, "division": 4}}, {"model": "attendence.attendence", "pk": 546, "fields": {"adate": "2017-10-25", "atime": "04:27:22", "student": 61, "subject": 3, "division": 4}}, {"model": "attendence.attendence", "pk": 547, "fields": {"adate": "2017-10-25", "atime": "04:27:22", "student": 62, "subject": 3, "division": 4}}, {"model": "attendence.attendence", "pk": 548, "fields": {"adate": "2017-10-25", "atime": "04:27:22", "student": 63, "subject": 3, "division": 4}}, {"model": "attendence.attendence", "pk": 549, "fields": {"adate": "2017-10-25", "atime": "04:27:22", "student": 64, "subject": 3, "division": 4}}, {"model": "attendence.attendence", "pk": 550, "fields": {"adate": "2017-10-25", "atime": "04:27:22", "student": 65, "subject": 3, "division": 4}}, {"model": "attendence.attendence", "pk": 551, "fields": {"adate": "2017-10-25", "atime": "04:27:22", "student": 66, "subject": 3, "division": 4}}, {"model": "attendence.attendence", "pk": 552, "fields": {"adate": "2017-10-25", "atime": "04:27:22", "student": 67, "subject": 3, "division": 4}}, {"model": "attendence.attendence", "pk": 553, "fields": {"adate": "2017-10-25", "atime": "04:27:22", "student": 68, "subject": 3, "division": 4}}, {"model": "attendence.attendence", "pk": 554, "fields": {"adate": "2017-10-25", "atime": "04:27:22", "student": 69, "subject": 3, "division": 4}}, {"model": "attendence.attendence", "pk": 555, "fields": {"adate": "2017-10-25", "atime": "04:27:22", "student": 70, "subject": 3, "division": 4}}, {"model": "attendence.attendence", "pk": 556, "fields": {"adate": "2017-10-23", "atime": "04:28:23", "student": 2, "subject": 4, "division": 4}}, {"model": "attendence.attendence", "pk": 557, "fields": {"adate": "2017-10-23", "atime": "04:28:23", "student": 3, "subject": 4, "division": 4}}, {"model": "attendence.attendence", "pk": 558, "fields": {"adate": "2017-10-23", "atime": "04:28:23", "student": 4, "subject": 4, "division": 4}}, {"model": "attendence.attendence", "pk": 559, "fields": {"adate": "2017-10-23", "atime": "04:28:23", "student": 5, "subject": 4, "division": 4}}, {"model": "attendence.attendence", "pk": 560, "fields": {"adate": "2017-10-23", "atime": "04:28:23", "student": 6, "subject": 4, "division": 4}}, {"model": "attendence.attendence", "pk": 561, "fields": {"adate": "2017-10-23", "atime": "04:28:23", "student": 7, "subject": 4, "division": 4}}, {"model": "attendence.attendence", "pk": 562, "fields": {"adate": "2017-10-23", "atime": "04:28:24", "student": 11, "subject": 4, "division": 4}}, {"model": "attendence.attendence", "pk": 563, "fields": {"adate": "2017-10-23", "atime": "04:28:24", "student": 12, "subject": 4, "division": 4}}, {"model": "attendence.attendence", "pk": 564, "fields": {"adate": "2017-10-23", "atime": "04:28:24", "student": 13, "subject": 4, "division": 4}}, {"model": "attendence.attendence", "pk": 565, "fields": {"adate": "2017-10-23", "atime": "04:28:24", "student": 14, "subject": 4, "division": 4}}, {"model": "attendence.attendence", "pk": 566, "fields": {"adate": "2017-10-23", "atime": "04:28:24", "student": 15, "subject": 4, "division": 4}}, {"model": "attendence.attendence", "pk": 567, "fields": {"adate": "2017-10-23", "atime": "04:28:24", "student": 16, "subject": 4, "division": 4}}, {"model": "attendence.attendence", "pk": 568, "fields": {"adate": "2017-10-23", "atime": "04:28:24", "student": 17, "subject": 4, "division": 4}}, {"model": "attendence.attendence", "pk": 569, "fields": {"adate": "2017-10-23", "atime": "04:28:24", "student": 18, "subject": 4, "division": 4}}, {"model": "attendence.attendence", "pk": 570, "fields": {"adate": "2017-10-23", "atime": "04:28:24", "student": 19, "subject": 4, "division": 4}}, {"model": "attendence.attendence", "pk": 571, "fields": {"adate": "2017-10-23", "atime": "04:28:24", "student": 21, "subject": 4, "division": 4}}, {"model": "attendence.attendence", "pk": 572, "fields": {"adate": "2017-10-23", "atime": "04:28:24", "student": 23, "subject": 4, "division": 4}}, {"model": "attendence.attendence", "pk": 573, "fields": {"adate": "2017-10-23", "atime": "04:28:24", "student": 25, "subject": 4, "division": 4}}, {"model": "attendence.attendence", "pk": 574, "fields": {"adate": "2017-10-23", "atime": "04:28:24", "student": 26, "subject": 4, "division": 4}}, {"model": "attendence.attendence", "pk": 575, "fields": {"adate": "2017-10-23", "atime": "04:28:24", "student": 27, "subject": 4, "division": 4}}, {"model": "attendence.attendence", "pk": 576, "fields": {"adate": "2017-10-23", "atime": "04:28:24", "student": 28, "subject": 4, "division": 4}}, {"model": "attendence.attendence", "pk": 577, "fields": {"adate": "2017-10-23", "atime": "04:28:24", "student": 29, "subject": 4, "division": 4}}, {"model": "attendence.attendence", "pk": 578, "fields": {"adate": "2017-10-23", "atime": "04:28:24", "student": 30, "subject": 4, "division": 4}}, {"model": "attendence.attendence", "pk": 579, "fields": {"adate": "2017-10-23", "atime": "04:28:24", "student": 31, "subject": 4, "division": 4}}, {"model": "attendence.attendence", "pk": 580, "fields": {"adate": "2017-10-23", "atime": "04:28:24", "student": 32, "subject": 4, "division": 4}}, {"model": "attendence.attendence", "pk": 581, "fields": {"adate": "2017-10-23", "atime": "04:28:24", "student": 33, "subject": 4, "division": 4}}, {"model": "attendence.attendence", "pk": 582, "fields": {"adate": "2017-10-23", "atime": "04:28:24", "student": 34, "subject": 4, "division": 4}}, {"model": "attendence.attendence", "pk": 583, "fields": {"adate": "2017-10-23", "atime": "04:28:24", "student": 35, "subject": 4, "division": 4}}, {"model": "attendence.attendence", "pk": 584, "fields": {"adate": "2017-10-23", "atime": "04:28:24", "student": 37, "subject": 4, "division": 4}}, {"model": "attendence.attendence", "pk": 585, "fields": {"adate": "2017-10-23", "atime": "04:28:24", "student": 38, "subject": 4, "division": 4}}, {"model": "attendence.attendence", "pk": 586, "fields": {"adate": "2017-10-23", "atime": "04:28:24", "student": 39, "subject": 4, "division": 4}}, {"model": "attendence.attendence", "pk": 587, "fields": {"adate": "2017-10-23", "atime": "04:28:24", "student": 40, "subject": 4, "division": 4}}, {"model": "attendence.attendence", "pk": 588, "fields": {"adate": "2017-10-23", "atime": "04:28:24", "student": 41, "subject": 4, "division": 4}}, {"model": "attendence.attendence", "pk": 589, "fields": {"adate": "2017-10-23", "atime": "04:28:24", "student": 42, "subject": 4, "division": 4}}, {"model": "attendence.attendence", "pk": 590, "fields": {"adate": "2017-10-23", "atime": "04:28:24", "student": 43, "subject": 4, "division": 4}}, {"model": "attendence.attendence", "pk": 591, "fields": {"adate": "2017-10-23", "atime": "04:28:24", "student": 44, "subject": 4, "division": 4}}, {"model": "attendence.attendence", "pk": 592, "fields": {"adate": "2017-10-23", "atime": "04:28:25", "student": 45, "subject": 4, "division": 4}}, {"model": "attendence.attendence", "pk": 593, "fields": {"adate": "2017-10-23", "atime": "04:28:25", "student": 46, "subject": 4, "division": 4}}, {"model": "attendence.attendence", "pk": 594, "fields": {"adate": "2017-10-23", "atime": "04:28:25", "student": 47, "subject": 4, "division": 4}}, {"model": "attendence.attendence", "pk": 595, "fields": {"adate": "2017-10-23", "atime": "04:28:25", "student": 48, "subject": 4, "division": 4}}, {"model": "attendence.attendence", "pk": 596, "fields": {"adate": "2017-10-23", "atime": "04:28:25", "student": 49, "subject": 4, "division": 4}}, {"model": "attendence.attendence", "pk": 597, "fields": {"adate": "2017-10-23", "atime": "04:28:25", "student": 50, "subject": 4, "division": 4}}, {"model": "attendence.attendence", "pk": 598, "fields": {"adate": "2017-10-23", "atime": "04:28:25", "student": 51, "subject": 4, "division": 4}}, {"model": "attendence.attendence", "pk": 599, "fields": {"adate": "2017-10-23", "atime": "04:28:25", "student": 53, "subject": 4, "division": 4}}, {"model": "attendence.attendence", "pk": 600, "fields": {"adate": "2017-10-23", "atime": "04:28:25", "student": 54, "subject": 4, "division": 4}}, {"model": "attendence.attendence", "pk": 601, "fields": {"adate": "2017-10-23", "atime": "04:28:25", "student": 55, "subject": 4, "division": 4}}, {"model": "attendence.attendence", "pk": 602, "fields": {"adate": "2017-10-23", "atime": "04:28:25", "student": 56, "subject": 4, "division": 4}}, {"model": "attendence.attendence", "pk": 603, "fields": {"adate": "2017-10-23", "atime": "04:28:25", "student": 57, "subject": 4, "division": 4}}, {"model": "attendence.attendence", "pk": 604, "fields": {"adate": "2017-10-23", "atime": "04:28:25", "student": 58, "subject": 4, "division": 4}}, {"model": "attendence.attendence", "pk": 605, "fields": {"adate": "2017-10-23", "atime": "04:28:25", "student": 59, "subject": 4, "division": 4}}, {"model": "attendence.attendence", "pk": 606, "fields": {"adate": "2017-10-23", "atime": "04:28:25", "student": 60, "subject": 4, "division": 4}}, {"model": "attendence.attendence", "pk": 607, "fields": {"adate": "2017-10-23", "atime": "04:28:25", "student": 61, "subject": 4, "division": 4}}, {"model": "attendence.attendence", "pk": 608, "fields": {"adate": "2017-10-23", "atime": "04:28:25", "student": 62, "subject": 4, "division": 4}}, {"model": "attendence.attendence", "pk": 609, "fields": {"adate": "2017-10-23", "atime": "04:28:25", "student": 63, "subject": 4, "division": 4}}, {"model": "attendence.attendence", "pk": 610, "fields": {"adate": "2017-10-23", "atime": "04:28:25", "student": 64, "subject": 4, "division": 4}}, {"model": "attendence.attendence", "pk": 611, "fields": {"adate": "2017-10-23", "atime": "04:28:25", "student": 65, "subject": 4, "division": 4}}, {"model": "attendence.attendence", "pk": 612, "fields": {"adate": "2017-10-23", "atime": "04:28:25", "student": 66, "subject": 4, "division": 4}}, {"model": "attendence.attendence", "pk": 613, "fields": {"adate": "2017-10-23", "atime": "04:28:25", "student": 67, "subject": 4, "division": 4}}, {"model": "attendence.attendence", "pk": 614, "fields": {"adate": "2017-10-23", "atime": "04:28:25", "student": 68, "subject": 4, "division": 4}}, {"model": "attendence.attendence", "pk": 615, "fields": {"adate": "2017-10-23", "atime": "04:28:25", "student": 69, "subject": 4, "division": 4}}, {"model": "attendence.attendence", "pk": 616, "fields": {"adate": "2017-10-24", "atime": "04:29:00", "student": 2, "subject": 4, "division": 4}}, {"model": "attendence.attendence", "pk": 617, "fields": {"adate": "2017-10-24", "atime": "04:29:00", "student": 4, "subject": 4, "division": 4}}, {"model": "attendence.attendence", "pk": 618, "fields": {"adate": "2017-10-24", "atime": "04:29:00", "student": 6, "subject": 4, "division": 4}}, {"model": "attendence.attendence", "pk": 619, "fields": {"adate": "2017-10-24", "atime": "04:29:00", "student": 7, "subject": 4, "division": 4}}, {"model": "attendence.attendence", "pk": 620, "fields": {"adate": "2017-10-24", "atime": "04:29:00", "student": 8, "subject": 4, "division": 4}}, {"model": "attendence.attendence", "pk": 621, "fields": {"adate": "2017-10-24", "atime": "04:29:00", "student": 9, "subject": 4, "division": 4}}, {"model": "attendence.attendence", "pk": 622, "fields": {"adate": "2017-10-24", "atime": "04:29:00", "student": 10, "subject": 4, "division": 4}}, {"model": "attendence.attendence", "pk": 623, "fields": {"adate": "2017-10-24", "atime": "04:29:00", "student": 11, "subject": 4, "division": 4}}, {"model": "attendence.attendence", "pk": 624, "fields": {"adate": "2017-10-24", "atime": "04:29:00", "student": 12, "subject": 4, "division": 4}}, {"model": "attendence.attendence", "pk": 625, "fields": {"adate": "2017-10-24", "atime": "04:29:00", "student": 13, "subject": 4, "division": 4}}, {"model": "attendence.attendence", "pk": 626, "fields": {"adate": "2017-10-24", "atime": "04:29:00", "student": 14, "subject": 4, "division": 4}}, {"model": "attendence.attendence", "pk": 627, "fields": {"adate": "2017-10-24", "atime": "04:29:00", "student": 15, "subject": 4, "division": 4}}, {"model": "attendence.attendence", "pk": 628, "fields": {"adate": "2017-10-24", "atime": "04:29:00", "student": 16, "subject": 4, "division": 4}}, {"model": "attendence.attendence", "pk": 629, "fields": {"adate": "2017-10-24", "atime": "04:29:00", "student": 17, "subject": 4, "division": 4}}, {"model": "attendence.attendence", "pk": 630, "fields": {"adate": "2017-10-24", "atime": "04:29:00", "student": 18, "subject": 4, "division": 4}}, {"model": "attendence.attendence", "pk": 631, "fields": {"adate": "2017-10-24", "atime": "04:29:00", "student": 19, "subject": 4, "division": 4}}, {"model": "attendence.attendence", "pk": 632, "fields": {"adate": "2017-10-24", "atime": "04:29:00", "student": 20, "subject": 4, "division": 4}}, {"model": "attendence.attendence", "pk": 633, "fields": {"adate": "2017-10-24", "atime": "04:29:00", "student": 21, "subject": 4, "division": 4}}, {"model": "attendence.attendence", "pk": 634, "fields": {"adate": "2017-10-24", "atime": "04:29:00", "student": 22, "subject": 4, "division": 4}}, {"model": "attendence.attendence", "pk": 635, "fields": {"adate": "2017-10-24", "atime": "04:29:00", "student": 23, "subject": 4, "division": 4}}, {"model": "attendence.attendence", "pk": 636, "fields": {"adate": "2017-10-24", "atime": "04:29:00", "student": 24, "subject": 4, "division": 4}}, {"model": "attendence.attendence", "pk": 637, "fields": {"adate": "2017-10-24", "atime": "04:29:00", "student": 25, "subject": 4, "division": 4}}, {"model": "attendence.attendence", "pk": 638, "fields": {"adate": "2017-10-24", "atime": "04:29:00", "student": 26, "subject": 4, "division": 4}}, {"model": "attendence.attendence", "pk": 639, "fields": {"adate": "2017-10-24", "atime": "04:29:00", "student": 27, "subject": 4, "division": 4}}, {"model": "attendence.attendence", "pk": 640, "fields": {"adate": "2017-10-24", "atime": "04:29:00", "student": 28, "subject": 4, "division": 4}}, {"model": "attendence.attendence", "pk": 641, "fields": {"adate": "2017-10-24", "atime": "04:29:00", "student": 29, "subject": 4, "division": 4}}, {"model": "attendence.attendence", "pk": 642, "fields": {"adate": "2017-10-24", "atime": "04:29:01", "student": 30, "subject": 4, "division": 4}}, {"model": "attendence.attendence", "pk": 643, "fields": {"adate": "2017-10-24", "atime": "04:29:01", "student": 31, "subject": 4, "division": 4}}, {"model": "attendence.attendence", "pk": 644, "fields": {"adate": "2017-10-24", "atime": "04:29:01", "student": 32, "subject": 4, "division": 4}}, {"model": "attendence.attendence", "pk": 645, "fields": {"adate": "2017-10-24", "atime": "04:29:01", "student": 33, "subject": 4, "division": 4}}, {"model": "attendence.attendence", "pk": 646, "fields": {"adate": "2017-10-24", "atime": "04:29:01", "student": 34, "subject": 4, "division": 4}}, {"model": "attendence.attendence", "pk": 647, "fields": {"adate": "2017-10-24", "atime": "04:29:01", "student": 35, "subject": 4, "division": 4}}, {"model": "attendence.attendence", "pk": 648, "fields": {"adate": "2017-10-24", "atime": "04:29:01", "student": 36, "subject": 4, "division": 4}}, {"model": "attendence.attendence", "pk": 649, "fields": {"adate": "2017-10-24", "atime": "04:29:01", "student": 37, "subject": 4, "division": 4}}, {"model": "attendence.attendence", "pk": 650, "fields": {"adate": "2017-10-24", "atime": "04:29:01", "student": 38, "subject": 4, "division": 4}}, {"model": "attendence.attendence", "pk": 651, "fields": {"adate": "2017-10-24", "atime": "04:29:01", "student": 39, "subject": 4, "division": 4}}, {"model": "attendence.attendence", "pk": 652, "fields": {"adate": "2017-10-24", "atime": "04:29:01", "student": 40, "subject": 4, "division": 4}}, {"model": "attendence.attendence", "pk": 653, "fields": {"adate": "2017-10-24", "atime": "04:29:01", "student": 41, "subject": 4, "division": 4}}, {"model": "attendence.attendence", "pk": 654, "fields": {"adate": "2017-10-24", "atime": "04:29:01", "student": 45, "subject": 4, "division": 4}}, {"model": "attendence.attendence", "pk": 655, "fields": {"adate": "2017-10-24", "atime": "04:29:01", "student": 46, "subject": 4, "division": 4}}, {"model": "attendence.attendence", "pk": 656, "fields": {"adate": "2017-10-24", "atime": "04:29:01", "student": 47, "subject": 4, "division": 4}}, {"model": "attendence.attendence", "pk": 657, "fields": {"adate": "2017-10-24", "atime": "04:29:01", "student": 48, "subject": 4, "division": 4}}, {"model": "attendence.attendence", "pk": 658, "fields": {"adate": "2017-10-24", "atime": "04:29:01", "student": 49, "subject": 4, "division": 4}}, {"model": "attendence.attendence", "pk": 659, "fields": {"adate": "2017-10-24", "atime": "04:29:01", "student": 50, "subject": 4, "division": 4}}, {"model": "attendence.attendence", "pk": 660, "fields": {"adate": "2017-10-24", "atime": "04:29:01", "student": 51, "subject": 4, "division": 4}}, {"model": "attendence.attendence", "pk": 661, "fields": {"adate": "2017-10-24", "atime": "04:29:01", "student": 52, "subject": 4, "division": 4}}, {"model": "attendence.attendence", "pk": 662, "fields": {"adate": "2017-10-24", "atime": "04:29:01", "student": 53, "subject": 4, "division": 4}}, {"model": "attendence.attendence", "pk": 663, "fields": {"adate": "2017-10-24", "atime": "04:29:01", "student": 54, "subject": 4, "division": 4}}, {"model": "attendence.attendence", "pk": 664, "fields": {"adate": "2017-10-24", "atime": "04:29:01", "student": 55, "subject": 4, "division": 4}}, {"model": "attendence.attendence", "pk": 665, "fields": {"adate": "2017-10-24", "atime": "04:29:01", "student": 56, "subject": 4, "division": 4}}, {"model": "attendence.attendence", "pk": 666, "fields": {"adate": "2017-10-24", "atime": "04:29:01", "student": 57, "subject": 4, "division": 4}}, {"model": "attendence.attendence", "pk": 667, "fields": {"adate": "2017-10-24", "atime": "04:29:01", "student": 58, "subject": 4, "division": 4}}, {"model": "attendence.attendence", "pk": 668, "fields": {"adate": "2017-10-24", "atime": "04:29:01", "student": 59, "subject": 4, "division": 4}}, {"model": "attendence.attendence", "pk": 669, "fields": {"adate": "2017-10-24", "atime": "04:29:02", "student": 61, "subject": 4, "division": 4}}, {"model": "attendence.attendence", "pk": 670, "fields": {"adate": "2017-10-24", "atime": "04:29:02", "student": 62, "subject": 4, "division": 4}}, {"model": "attendence.attendence", "pk": 671, "fields": {"adate": "2017-10-24", "atime": "04:29:02", "student": 63, "subject": 4, "division": 4}}, {"model": "attendence.attendence", "pk": 672, "fields": {"adate": "2017-10-24", "atime": "04:29:02", "student": 65, "subject": 4, "division": 4}}, {"model": "attendence.attendence", "pk": 673, "fields": {"adate": "2017-10-24", "atime": "04:29:02", "student": 66, "subject": 4, "division": 4}}, {"model": "attendence.attendence", "pk": 674, "fields": {"adate": "2017-10-24", "atime": "04:29:02", "student": 68, "subject": 4, "division": 4}}, {"model": "attendence.attendence", "pk": 675, "fields": {"adate": "2017-10-24", "atime": "04:29:02", "student": 69, "subject": 4, "division": 4}}, {"model": "attendence.attendence", "pk": 676, "fields": {"adate": "2017-10-24", "atime": "04:29:02", "student": 70, "subject": 4, "division": 4}}, {"model": "attendence.attendence", "pk": 677, "fields": {"adate": "2017-10-25", "atime": "04:29:32", "student": 1, "subject": 4, "division": 4}}, {"model": "attendence.attendence", "pk": 678, "fields": {"adate": "2017-10-25", "atime": "04:29:32", "student": 3, "subject": 4, "division": 4}}, {"model": "attendence.attendence", "pk": 679, "fields": {"adate": "2017-10-25", "atime": "04:29:32", "student": 4, "subject": 4, "division": 4}}, {"model": "attendence.attendence", "pk": 680, "fields": {"adate": "2017-10-25", "atime": "04:29:32", "student": 5, "subject": 4, "division": 4}}, {"model": "attendence.attendence", "pk": 681, "fields": {"adate": "2017-10-25", "atime": "04:29:32", "student": 7, "subject": 4, "division": 4}}, {"model": "attendence.attendence", "pk": 682, "fields": {"adate": "2017-10-25", "atime": "04:29:32", "student": 8, "subject": 4, "division": 4}}, {"model": "attendence.attendence", "pk": 683, "fields": {"adate": "2017-10-25", "atime": "04:29:32", "student": 9, "subject": 4, "division": 4}}, {"model": "attendence.attendence", "pk": 684, "fields": {"adate": "2017-10-25", "atime": "04:29:32", "student": 10, "subject": 4, "division": 4}}, {"model": "attendence.attendence", "pk": 685, "fields": {"adate": "2017-10-25", "atime": "04:29:32", "student": 11, "subject": 4, "division": 4}}, {"model": "attendence.attendence", "pk": 686, "fields": {"adate": "2017-10-25", "atime": "04:29:32", "student": 12, "subject": 4, "division": 4}}, {"model": "attendence.attendence", "pk": 687, "fields": {"adate": "2017-10-25", "atime": "04:29:32", "student": 13, "subject": 4, "division": 4}}, {"model": "attendence.attendence", "pk": 688, "fields": {"adate": "2017-10-25", "atime": "04:29:32", "student": 14, "subject": 4, "division": 4}}, {"model": "attendence.attendence", "pk": 689, "fields": {"adate": "2017-10-25", "atime": "04:29:32", "student": 15, "subject": 4, "division": 4}}, {"model": "attendence.attendence", "pk": 690, "fields": {"adate": "2017-10-25", "atime": "04:29:32", "student": 18, "subject": 4, "division": 4}}, {"model": "attendence.attendence", "pk": 691, "fields": {"adate": "2017-10-25", "atime": "04:29:32", "student": 19, "subject": 4, "division": 4}}, {"model": "attendence.attendence", "pk": 692, "fields": {"adate": "2017-10-25", "atime": "04:29:32", "student": 20, "subject": 4, "division": 4}}, {"model": "attendence.attendence", "pk": 693, "fields": {"adate": "2017-10-25", "atime": "04:29:32", "student": 21, "subject": 4, "division": 4}}, {"model": "attendence.attendence", "pk": 694, "fields": {"adate": "2017-10-25", "atime": "04:29:32", "student": 22, "subject": 4, "division": 4}}, {"model": "attendence.attendence", "pk": 695, "fields": {"adate": "2017-10-25", "atime": "04:29:32", "student": 23, "subject": 4, "division": 4}}, {"model": "attendence.attendence", "pk": 696, "fields": {"adate": "2017-10-25", "atime": "04:29:32", "student": 24, "subject": 4, "division": 4}}, {"model": "attendence.attendence", "pk": 697, "fields": {"adate": "2017-10-25", "atime": "04:29:33", "student": 25, "subject": 4, "division": 4}}, {"model": "attendence.attendence", "pk": 698, "fields": {"adate": "2017-10-25", "atime": "04:29:33", "student": 26, "subject": 4, "division": 4}}, {"model": "attendence.attendence", "pk": 699, "fields": {"adate": "2017-10-25", "atime": "04:29:33", "student": 27, "subject": 4, "division": 4}}, {"model": "attendence.attendence", "pk": 700, "fields": {"adate": "2017-10-25", "atime": "04:29:33", "student": 28, "subject": 4, "division": 4}}, {"model": "attendence.attendence", "pk": 701, "fields": {"adate": "2017-10-25", "atime": "04:29:33", "student": 29, "subject": 4, "division": 4}}, {"model": "attendence.attendence", "pk": 702, "fields": {"adate": "2017-10-25", "atime": "04:29:33", "student": 30, "subject": 4, "division": 4}}, {"model": "attendence.attendence", "pk": 703, "fields": {"adate": "2017-10-25", "atime": "04:29:33", "student": 32, "subject": 4, "division": 4}}, {"model": "attendence.attendence", "pk": 704, "fields": {"adate": "2017-10-25", "atime": "04:29:33", "student": 33, "subject": 4, "division": 4}}, {"model": "attendence.attendence", "pk": 705, "fields": {"adate": "2017-10-25", "atime": "04:29:33", "student": 34, "subject": 4, "division": 4}}, {"model": "attendence.attendence", "pk": 706, "fields": {"adate": "2017-10-25", "atime": "04:29:33", "student": 36, "subject": 4, "division": 4}}, {"model": "attendence.attendence", "pk": 707, "fields": {"adate": "2017-10-25", "atime": "04:29:33", "student": 38, "subject": 4, "division": 4}}, {"model": "attendence.attendence", "pk": 708, "fields": {"adate": "2017-10-25", "atime": "04:29:33", "student": 39, "subject": 4, "division": 4}}, {"model": "attendence.attendence", "pk": 709, "fields": {"adate": "2017-10-25", "atime": "04:29:33", "student": 40, "subject": 4, "division": 4}}, {"model": "attendence.attendence", "pk": 710, "fields": {"adate": "2017-10-25", "atime": "04:29:33", "student": 41, "subject": 4, "division": 4}}, {"model": "attendence.attendence", "pk": 711, "fields": {"adate": "2017-10-25", "atime": "04:29:33", "student": 42, "subject": 4, "division": 4}}, {"model": "attendence.attendence", "pk": 712, "fields": {"adate": "2017-10-25", "atime": "04:29:33", "student": 43, "subject": 4, "division": 4}}, {"model": "attendence.attendence", "pk": 713, "fields": {"adate": "2017-10-25", "atime": "04:29:33", "student": 44, "subject": 4, "division": 4}}, {"model": "attendence.attendence", "pk": 714, "fields": {"adate": "2017-10-25", "atime": "04:29:33", "student": 45, "subject": 4, "division": 4}}, {"model": "attendence.attendence", "pk": 715, "fields": {"adate": "2017-10-25", "atime": "04:29:33", "student": 46, "subject": 4, "division": 4}}, {"model": "attendence.attendence", "pk": 716, "fields": {"adate": "2017-10-25", "atime": "04:29:33", "student": 47, "subject": 4, "division": 4}}, {"model": "attendence.attendence", "pk": 717, "fields": {"adate": "2017-10-25", "atime": "04:29:33", "student": 48, "subject": 4, "division": 4}}, {"model": "attendence.attendence", "pk": 718, "fields": {"adate": "2017-10-25", "atime": "04:29:33", "student": 49, "subject": 4, "division": 4}}, {"model": "attendence.attendence", "pk": 719, "fields": {"adate": "2017-10-25", "atime": "04:29:33", "student": 50, "subject": 4, "division": 4}}, {"model": "attendence.attendence", "pk": 720, "fields": {"adate": "2017-10-25", "atime": "04:29:33", "student": 51, "subject": 4, "division": 4}}, {"model": "attendence.attendence", "pk": 721, "fields": {"adate": "2017-10-25", "atime": "04:29:33", "student": 52, "subject": 4, "division": 4}}, {"model": "attendence.attendence", "pk": 722, "fields": {"adate": "2017-10-25", "atime": "04:29:33", "student": 53, "subject": 4, "division": 4}}, {"model": "attendence.attendence", "pk": 723, "fields": {"adate": "2017-10-25", "atime": "04:29:33", "student": 54, "subject": 4, "division": 4}}, {"model": "attendence.attendence", "pk": 724, "fields": {"adate": "2017-10-25", "atime": "04:29:33", "student": 55, "subject": 4, "division": 4}}, {"model": "attendence.attendence", "pk": 725, "fields": {"adate": "2017-10-25", "atime": "04:29:33", "student": 56, "subject": 4, "division": 4}}, {"model": "attendence.attendence", "pk": 726, "fields": {"adate": "2017-10-25", "atime": "04:29:33", "student": 57, "subject": 4, "division": 4}}, {"model": "attendence.attendence", "pk": 727, "fields": {"adate": "2017-10-25", "atime": "04:29:34", "student": 58, "subject": 4, "division": 4}}, {"model": "attendence.attendence", "pk": 728, "fields": {"adate": "2017-10-25", "atime": "04:29:34", "student": 59, "subject": 4, "division": 4}}, {"model": "attendence.attendence", "pk": 729, "fields": {"adate": "2017-10-25", "atime": "04:29:34", "student": 60, "subject": 4, "division": 4}}, {"model": "attendence.attendence", "pk": 730, "fields": {"adate": "2017-10-25", "atime": "04:29:34", "student": 62, "subject": 4, "division": 4}}, {"model": "attendence.attendence", "pk": 731, "fields": {"adate": "2017-10-25", "atime": "04:29:34", "student": 64, "subject": 4, "division": 4}}, {"model": "attendence.attendence", "pk": 732, "fields": {"adate": "2017-10-25", "atime": "04:29:34", "student": 66, "subject": 4, "division": 4}}, {"model": "attendence.attendence", "pk": 733, "fields": {"adate": "2017-10-25", "atime": "04:29:34", "student": 67, "subject": 4, "division": 4}}, {"model": "attendence.attendence", "pk": 734, "fields": {"adate": "2017-10-25", "atime": "04:29:34", "student": 68, "subject": 4, "division": 4}}, {"model": "attendence.attendence", "pk": 735, "fields": {"adate": "2017-10-25", "atime": "04:29:34", "student": 69, "subject": 4, "division": 4}}, {"model": "attendence.attendence", "pk": 736, "fields": {"adate": "2017-10-25", "atime": "04:29:34", "student": 70, "subject": 4, "division": 4}}, {"model": "attendence.attendence", "pk": 737, "fields": {"adate": "2017-10-20", "atime": "04:33:27", "student": 1, "subject": 2, "division": 4}}, {"model": "attendence.attendence", "pk": 738, "fields": {"adate": "2017-10-20", "atime": "04:33:27", "student": 3, "subject": 2, "division": 4}}, {"model": "attendence.attendence", "pk": 739, "fields": {"adate": "2017-10-20", "atime": "04:33:27", "student": 4, "subject": 2, "division": 4}}, {"model": "attendence.attendence", "pk": 740, "fields": {"adate": "2017-10-20", "atime": "04:33:27", "student": 5, "subject": 2, "division": 4}}, {"model": "attendence.attendence", "pk": 741, "fields": {"adate": "2017-10-20", "atime": "04:33:27", "student": 6, "subject": 2, "division": 4}}, {"model": "attendence.attendence", "pk": 742, "fields": {"adate": "2017-10-20", "atime": "04:33:27", "student": 7, "subject": 2, "division": 4}}, {"model": "attendence.attendence", "pk": 743, "fields": {"adate": "2017-10-20", "atime": "04:33:27", "student": 8, "subject": 2, "division": 4}}, {"model": "attendence.attendence", "pk": 744, "fields": {"adate": "2017-10-20", "atime": "04:33:27", "student": 9, "subject": 2, "division": 4}}, {"model": "attendence.attendence", "pk": 745, "fields": {"adate": "2017-10-20", "atime": "04:33:27", "student": 10, "subject": 2, "division": 4}}, {"model": "attendence.attendence", "pk": 746, "fields": {"adate": "2017-10-20", "atime": "04:33:27", "student": 11, "subject": 2, "division": 4}}, {"model": "attendence.attendence", "pk": 747, "fields": {"adate": "2017-10-20", "atime": "04:33:27", "student": 12, "subject": 2, "division": 4}}, {"model": "attendence.attendence", "pk": 748, "fields": {"adate": "2017-10-20", "atime": "04:33:27", "student": 13, "subject": 2, "division": 4}}, {"model": "attendence.attendence", "pk": 749, "fields": {"adate": "2017-10-20", "atime": "04:33:27", "student": 14, "subject": 2, "division": 4}}, {"model": "attendence.attendence", "pk": 750, "fields": {"adate": "2017-10-20", "atime": "04:33:27", "student": 16, "subject": 2, "division": 4}}, {"model": "attendence.attendence", "pk": 751, "fields": {"adate": "2017-10-20", "atime": "04:33:27", "student": 17, "subject": 2, "division": 4}}, {"model": "attendence.attendence", "pk": 752, "fields": {"adate": "2017-10-20", "atime": "04:33:27", "student": 19, "subject": 2, "division": 4}}, {"model": "attendence.attendence", "pk": 753, "fields": {"adate": "2017-10-20", "atime": "04:33:28", "student": 20, "subject": 2, "division": 4}}, {"model": "attendence.attendence", "pk": 754, "fields": {"adate": "2017-10-20", "atime": "04:33:28", "student": 21, "subject": 2, "division": 4}}, {"model": "attendence.attendence", "pk": 755, "fields": {"adate": "2017-10-20", "atime": "04:33:28", "student": 22, "subject": 2, "division": 4}}, {"model": "attendence.attendence", "pk": 756, "fields": {"adate": "2017-10-20", "atime": "04:33:28", "student": 23, "subject": 2, "division": 4}}, {"model": "attendence.attendence", "pk": 757, "fields": {"adate": "2017-10-20", "atime": "04:33:28", "student": 24, "subject": 2, "division": 4}}, {"model": "attendence.attendence", "pk": 758, "fields": {"adate": "2017-10-20", "atime": "04:33:28", "student": 25, "subject": 2, "division": 4}}, {"model": "attendence.attendence", "pk": 759, "fields": {"adate": "2017-10-20", "atime": "04:33:28", "student": 26, "subject": 2, "division": 4}}, {"model": "attendence.attendence", "pk": 760, "fields": {"adate": "2017-10-20", "atime": "04:33:28", "student": 27, "subject": 2, "division": 4}}, {"model": "attendence.attendence", "pk": 761, "fields": {"adate": "2017-10-20", "atime": "04:33:28", "student": 28, "subject": 2, "division": 4}}, {"model": "attendence.attendence", "pk": 762, "fields": {"adate": "2017-10-20", "atime": "04:33:28", "student": 29, "subject": 2, "division": 4}}, {"model": "attendence.attendence", "pk": 763, "fields": {"adate": "2017-10-20", "atime": "04:33:28", "student": 30, "subject": 2, "division": 4}}, {"model": "attendence.attendence", "pk": 764, "fields": {"adate": "2017-10-20", "atime": "04:33:28", "student": 31, "subject": 2, "division": 4}}, {"model": "attendence.attendence", "pk": 765, "fields": {"adate": "2017-10-20", "atime": "04:33:28", "student": 32, "subject": 2, "division": 4}}, {"model": "attendence.attendence", "pk": 766, "fields": {"adate": "2017-10-20", "atime": "04:33:28", "student": 33, "subject": 2, "division": 4}}, {"model": "attendence.attendence", "pk": 767, "fields": {"adate": "2017-10-20", "atime": "04:33:28", "student": 34, "subject": 2, "division": 4}}, {"model": "attendence.attendence", "pk": 768, "fields": {"adate": "2017-10-20", "atime": "04:33:28", "student": 35, "subject": 2, "division": 4}}, {"model": "attendence.attendence", "pk": 769, "fields": {"adate": "2017-10-20", "atime": "04:33:28", "student": 36, "subject": 2, "division": 4}}, {"model": "attendence.attendence", "pk": 770, "fields": {"adate": "2017-10-20", "atime": "04:33:28", "student": 37, "subject": 2, "division": 4}}, {"model": "attendence.attendence", "pk": 771, "fields": {"adate": "2017-10-20", "atime": "04:33:28", "student": 38, "subject": 2, "division": 4}}, {"model": "attendence.attendence", "pk": 772, "fields": {"adate": "2017-10-20", "atime": "04:33:28", "student": 39, "subject": 2, "division": 4}}, {"model": "attendence.attendence", "pk": 773, "fields": {"adate": "2017-10-20", "atime": "04:33:28", "student": 40, "subject": 2, "division": 4}}, {"model": "attendence.attendence", "pk": 774, "fields": {"adate": "2017-10-20", "atime": "04:33:28", "student": 41, "subject": 2, "division": 4}}, {"model": "attendence.attendence", "pk": 775, "fields": {"adate": "2017-10-20", "atime": "04:33:28", "student": 42, "subject": 2, "division": 4}}, {"model": "attendence.attendence", "pk": 776, "fields": {"adate": "2017-10-20", "atime": "04:33:28", "student": 43, "subject": 2, "division": 4}}, {"model": "attendence.attendence", "pk": 777, "fields": {"adate": "2017-10-20", "atime": "04:33:28", "student": 44, "subject": 2, "division": 4}}, {"model": "attendence.attendence", "pk": 778, "fields": {"adate": "2017-10-20", "atime": "04:33:28", "student": 45, "subject": 2, "division": 4}}, {"model": "attendence.attendence", "pk": 779, "fields": {"adate": "2017-10-20", "atime": "04:33:28", "student": 46, "subject": 2, "division": 4}}, {"model": "attendence.attendence", "pk": 780, "fields": {"adate": "2017-10-20", "atime": "04:33:28", "student": 47, "subject": 2, "division": 4}}, {"model": "attendence.attendence", "pk": 781, "fields": {"adate": "2017-10-20", "atime": "04:33:28", "student": 48, "subject": 2, "division": 4}}, {"model": "attendence.attendence", "pk": 782, "fields": {"adate": "2017-10-20", "atime": "04:33:29", "student": 49, "subject": 2, "division": 4}}, {"model": "attendence.attendence", "pk": 783, "fields": {"adate": "2017-10-20", "atime": "04:33:29", "student": 50, "subject": 2, "division": 4}}, {"model": "attendence.attendence", "pk": 784, "fields": {"adate": "2017-10-20", "atime": "04:33:29", "student": 51, "subject": 2, "division": 4}}, {"model": "attendence.attendence", "pk": 785, "fields": {"adate": "2017-10-20", "atime": "04:33:29", "student": 52, "subject": 2, "division": 4}}, {"model": "attendence.attendence", "pk": 786, "fields": {"adate": "2017-10-20", "atime": "04:33:29", "student": 53, "subject": 2, "division": 4}}, {"model": "attendence.attendence", "pk": 787, "fields": {"adate": "2017-10-20", "atime": "04:33:29", "student": 54, "subject": 2, "division": 4}}, {"model": "attendence.attendence", "pk": 788, "fields": {"adate": "2017-10-20", "atime": "04:33:29", "student": 55, "subject": 2, "division": 4}}, {"model": "attendence.attendence", "pk": 789, "fields": {"adate": "2017-10-20", "atime": "04:33:29", "student": 56, "subject": 2, "division": 4}}, {"model": "attendence.attendence", "pk": 790, "fields": {"adate": "2017-10-20", "atime": "04:33:29", "student": 57, "subject": 2, "division": 4}}, {"model": "attendence.attendence", "pk": 791, "fields": {"adate": "2017-10-20", "atime": "04:33:29", "student": 58, "subject": 2, "division": 4}}, {"model": "attendence.attendence", "pk": 792, "fields": {"adate": "2017-10-20", "atime": "04:33:29", "student": 59, "subject": 2, "division": 4}}, {"model": "attendence.attendence", "pk": 793, "fields": {"adate": "2017-10-20", "atime": "04:33:29", "student": 60, "subject": 2, "division": 4}}, {"model": "attendence.attendence", "pk": 794, "fields": {"adate": "2017-10-20", "atime": "04:33:29", "student": 61, "subject": 2, "division": 4}}, {"model": "attendence.attendence", "pk": 795, "fields": {"adate": "2017-10-20", "atime": "04:33:29", "student": 62, "subject": 2, "division": 4}}, {"model": "attendence.attendence", "pk": 796, "fields": {"adate": "2017-10-20", "atime": "04:33:29", "student": 63, "subject": 2, "division": 4}}, {"model": "attendence.attendence", "pk": 797, "fields": {"adate": "2017-10-20", "atime": "04:33:29", "student": 64, "subject": 2, "division": 4}}, {"model": "attendence.attendence", "pk": 798, "fields": {"adate": "2017-10-20", "atime": "04:33:29", "student": 65, "subject": 2, "division": 4}}, {"model": "attendence.attendence", "pk": 799, "fields": {"adate": "2017-10-20", "atime": "04:33:29", "student": 66, "subject": 2, "division": 4}}, {"model": "attendence.attendence", "pk": 800, "fields": {"adate": "2017-10-20", "atime": "04:33:29", "student": 67, "subject": 2, "division": 4}}, {"model": "attendence.attendence", "pk": 801, "fields": {"adate": "2017-10-20", "atime": "04:33:29", "student": 68, "subject": 2, "division": 4}}, {"model": "attendence.attendence", "pk": 802, "fields": {"adate": "2017-10-20", "atime": "04:33:29", "student": 69, "subject": 2, "division": 4}}, {"model": "attendence.attendence", "pk": 803, "fields": {"adate": "2017-10-20", "atime": "04:33:29", "student": 70, "subject": 2, "division": 4}}, {"model": "attendence.attendence", "pk": 869, "fields": {"adate": "2017-11-04", "atime": "11:11:56", "student": 1, "subject": 3, "division": 4}}, {"model": "attendence.attendence", "pk": 870, "fields": {"adate": "2017-11-04", "atime": "11:11:56", "student": 2, "subject": 3, "division": 4}}, {"model": "attendence.attendence", "pk": 871, "fields": {"adate": "2017-11-04", "atime": "11:11:56", "student": 3, "subject": 3, "division": 4}}, {"model": "attendence.attendence", "pk": 872, "fields": {"adate": "2017-11-04", "atime": "11:11:56", "student": 4, "subject": 3, "division": 4}}, {"model": "attendence.attendence", "pk": 873, "fields": {"adate": "2017-11-04", "atime": "11:11:56", "student": 5, "subject": 3, "division": 4}}, {"model": "attendence.attendence", "pk": 874, "fields": {"adate": "2017-11-04", "atime": "11:11:56", "student": 6, "subject": 3, "division": 4}}, {"model": "attendence.attendence", "pk": 875, "fields": {"adate": "2017-11-04", "atime": "11:11:56", "student": 7, "subject": 3, "division": 4}}, {"model": "attendence.attendence", "pk": 876, "fields": {"adate": "2017-11-04", "atime": "11:11:56", "student": 8, "subject": 3, "division": 4}}, {"model": "attendence.attendence", "pk": 877, "fields": {"adate": "2017-11-04", "atime": "11:11:56", "student": 9, "subject": 3, "division": 4}}, {"model": "attendence.attendence", "pk": 878, "fields": {"adate": "2017-11-04", "atime": "11:11:56", "student": 10, "subject": 3, "division": 4}}, {"model": "attendence.attendence", "pk": 879, "fields": {"adate": "2017-11-04", "atime": "11:11:56", "student": 11, "subject": 3, "division": 4}}, {"model": "attendence.attendence", "pk": 880, "fields": {"adate": "2017-11-04", "atime": "11:11:56", "student": 12, "subject": 3, "division": 4}}, {"model": "attendence.attendence", "pk": 881, "fields": {"adate": "2017-11-04", "atime": "11:11:56", "student": 13, "subject": 3, "division": 4}}, {"model": "attendence.attendence", "pk": 882, "fields": {"adate": "2017-11-04", "atime": "11:11:56", "student": 14, "subject": 3, "division": 4}}, {"model": "attendence.attendence", "pk": 883, "fields": {"adate": "2017-11-04", "atime": "11:11:56", "student": 15, "subject": 3, "division": 4}}, {"model": "attendence.attendence", "pk": 884, "fields": {"adate": "2017-11-04", "atime": "11:11:57", "student": 16, "subject": 3, "division": 4}}, {"model": "attendence.attendence", "pk": 885, "fields": {"adate": "2017-11-04", "atime": "11:11:57", "student": 17, "subject": 3, "division": 4}}, {"model": "attendence.attendence", "pk": 886, "fields": {"adate": "2017-11-04", "atime": "11:11:57", "student": 18, "subject": 3, "division": 4}}, {"model": "attendence.attendence", "pk": 887, "fields": {"adate": "2017-11-04", "atime": "11:11:57", "student": 19, "subject": 3, "division": 4}}, {"model": "attendence.attendence", "pk": 888, "fields": {"adate": "2017-11-04", "atime": "11:11:57", "student": 20, "subject": 3, "division": 4}}, {"model": "attendence.attendence", "pk": 889, "fields": {"adate": "2017-11-04", "atime": "11:11:57", "student": 21, "subject": 3, "division": 4}}, {"model": "attendence.attendence", "pk": 890, "fields": {"adate": "2017-11-04", "atime": "11:11:57", "student": 22, "subject": 3, "division": 4}}, {"model": "attendence.attendence", "pk": 891, "fields": {"adate": "2017-11-04", "atime": "11:11:57", "student": 24, "subject": 3, "division": 4}}, {"model": "attendence.attendence", "pk": 892, "fields": {"adate": "2017-11-04", "atime": "11:11:57", "student": 25, "subject": 3, "division": 4}}, {"model": "attendence.attendence", "pk": 893, "fields": {"adate": "2017-11-04", "atime": "11:11:57", "student": 27, "subject": 3, "division": 4}}, {"model": "attendence.attendence", "pk": 894, "fields": {"adate": "2017-11-04", "atime": "11:11:57", "student": 28, "subject": 3, "division": 4}}, {"model": "attendence.attendence", "pk": 895, "fields": {"adate": "2017-11-04", "atime": "11:11:57", "student": 29, "subject": 3, "division": 4}}, {"model": "attendence.attendence", "pk": 896, "fields": {"adate": "2017-11-04", "atime": "11:11:57", "student": 30, "subject": 3, "division": 4}}, {"model": "attendence.attendence", "pk": 897, "fields": {"adate": "2017-11-04", "atime": "11:11:57", "student": 31, "subject": 3, "division": 4}}, {"model": "attendence.attendence", "pk": 898, "fields": {"adate": "2017-11-04", "atime": "11:11:57", "student": 32, "subject": 3, "division": 4}}, {"model": "attendence.attendence", "pk": 899, "fields": {"adate": "2017-11-04", "atime": "11:11:57", "student": 33, "subject": 3, "division": 4}}, {"model": "attendence.attendence", "pk": 900, "fields": {"adate": "2017-11-04", "atime": "11:11:57", "student": 34, "subject": 3, "division": 4}}, {"model": "attendence.attendence", "pk": 901, "fields": {"adate": "2017-11-04", "atime": "11:11:57", "student": 35, "subject": 3, "division": 4}}, {"model": "attendence.attendence", "pk": 902, "fields": {"adate": "2017-11-04", "atime": "11:11:57", "student": 37, "subject": 3, "division": 4}}, {"model": "attendence.attendence", "pk": 903, "fields": {"adate": "2017-11-04", "atime": "11:11:57", "student": 38, "subject": 3, "division": 4}}, {"model": "attendence.attendence", "pk": 904, "fields": {"adate": "2017-11-04", "atime": "11:11:57", "student": 39, "subject": 3, "division": 4}}, {"model": "attendence.attendence", "pk": 905, "fields": {"adate": "2017-11-04", "atime": "11:11:57", "student": 41, "subject": 3, "division": 4}}, {"model": "attendence.attendence", "pk": 906, "fields": {"adate": "2017-11-04", "atime": "11:11:57", "student": 42, "subject": 3, "division": 4}}, {"model": "attendence.attendence", "pk": 907, "fields": {"adate": "2017-11-04", "atime": "11:11:57", "student": 43, "subject": 3, "division": 4}}, {"model": "attendence.attendence", "pk": 908, "fields": {"adate": "2017-11-04", "atime": "11:11:58", "student": 44, "subject": 3, "division": 4}}, {"model": "attendence.attendence", "pk": 909, "fields": {"adate": "2017-11-04", "atime": "11:11:58", "student": 45, "subject": 3, "division": 4}}, {"model": "attendence.attendence", "pk": 910, "fields": {"adate": "2017-11-04", "atime": "11:11:58", "student": 46, "subject": 3, "division": 4}}, {"model": "attendence.attendence", "pk": 911, "fields": {"adate": "2017-11-04", "atime": "11:11:58", "student": 47, "subject": 3, "division": 4}}, {"model": "attendence.attendence", "pk": 912, "fields": {"adate": "2017-11-04", "atime": "11:11:58", "student": 48, "subject": 3, "division": 4}}, {"model": "attendence.attendence", "pk": 913, "fields": {"adate": "2017-11-04", "atime": "11:11:58", "student": 49, "subject": 3, "division": 4}}, {"model": "attendence.attendence", "pk": 914, "fields": {"adate": "2017-11-04", "atime": "11:11:58", "student": 50, "subject": 3, "division": 4}}, {"model": "attendence.attendence", "pk": 915, "fields": {"adate": "2017-11-04", "atime": "11:11:58", "student": 51, "subject": 3, "division": 4}}, {"model": "attendence.attendence", "pk": 916, "fields": {"adate": "2017-11-04", "atime": "11:11:58", "student": 52, "subject": 3, "division": 4}}, {"model": "attendence.attendence", "pk": 917, "fields": {"adate": "2017-11-04", "atime": "11:11:58", "student": 53, "subject": 3, "division": 4}}, {"model": "attendence.attendence", "pk": 918, "fields": {"adate": "2017-11-04", "atime": "11:11:58", "student": 54, "subject": 3, "division": 4}}, {"model": "attendence.attendence", "pk": 919, "fields": {"adate": "2017-11-04", "atime": "11:11:58", "student": 55, "subject": 3, "division": 4}}, {"model": "attendence.attendence", "pk": 920, "fields": {"adate": "2017-11-04", "atime": "11:11:58", "student": 56, "subject": 3, "division": 4}}, {"model": "attendence.attendence", "pk": 921, "fields": {"adate": "2017-11-04", "atime": "11:11:58", "student": 57, "subject": 3, "division": 4}}, {"model": "attendence.attendence", "pk": 922, "fields": {"adate": "2017-11-04", "atime": "11:11:58", "student": 58, "subject": 3, "division": 4}}, {"model": "attendence.attendence", "pk": 923, "fields": {"adate": "2017-11-04", "atime": "11:11:58", "student": 59, "subject": 3, "division": 4}}, {"model": "attendence.attendence", "pk": 924, "fields": {"adate": "2017-11-04", "atime": "11:11:58", "student": 60, "subject": 3, "division": 4}}, {"model": "attendence.attendence", "pk": 925, "fields": {"adate": "2017-11-04", "atime": "11:11:58", "student": 61, "subject": 3, "division": 4}}, {"model": "attendence.attendence", "pk": 926, "fields": {"adate": "2017-11-04", "atime": "11:11:58", "student": 62, "subject": 3, "division": 4}}, {"model": "attendence.attendence", "pk": 927, "fields": {"adate": "2017-11-04", "atime": "11:11:58", "student": 63, "subject": 3, "division": 4}}, {"model": "attendence.attendence", "pk": 928, "fields": {"adate": "2017-11-04", "atime": "11:11:58", "student": 64, "subject": 3, "division": 4}}, {"model": "attendence.attendence", "pk": 929, "fields": {"adate": "2017-11-04", "atime": "11:11:58", "student": 65, "subject": 3, "division": 4}}, {"model": "attendence.attendence", "pk": 930, "fields": {"adate": "2017-11-04", "atime": "11:11:58", "student": 66, "subject": 3, "division": 4}}, {"model": "attendence.attendence", "pk": 931, "fields": {"adate": "2017-11-04", "atime": "11:11:58", "student": 67, "subject": 3, "division": 4}}, {"model": "attendence.attendence", "pk": 932, "fields": {"adate": "2017-11-04", "atime": "11:11:59", "student": 68, "subject": 3, "division": 4}}, {"model": "attendence.attendence", "pk": 933, "fields": {"adate": "2017-11-04", "atime": "11:11:59", "student": 69, "subject": 3, "division": 4}}, {"model": "attendence.attendence", "pk": 934, "fields": {"adate": "2017-11-04", "atime": "11:11:59", "student": 70, "subject": 3, "division": 4}}, {"model": "attendence.attendence", "pk": 1069, "fields": {"adate": "2017-11-06", "atime": "20:16:22", "student": 1, "subject": 1, "division": 4}}, {"model": "attendence.attendence", "pk": 1070, "fields": {"adate": "2017-11-06", "atime": "20:16:22", "student": 2, "subject": 1, "division": 4}}, {"model": "attendence.attendence", "pk": 1071, "fields": {"adate": "2017-11-06", "atime": "20:16:22", "student": 3, "subject": 1, "division": 4}}, {"model": "attendence.attendence", "pk": 1072, "fields": {"adate": "2017-11-06", "atime": "20:16:22", "student": 4, "subject": 1, "division": 4}}, {"model": "attendence.attendence", "pk": 1073, "fields": {"adate": "2017-11-06", "atime": "20:16:22", "student": 5, "subject": 1, "division": 4}}, {"model": "attendence.attendence", "pk": 1074, "fields": {"adate": "2017-11-06", "atime": "20:16:22", "student": 6, "subject": 1, "division": 4}}, {"model": "attendence.attendence", "pk": 1075, "fields": {"adate": "2017-11-06", "atime": "20:16:22", "student": 7, "subject": 1, "division": 4}}, {"model": "attendence.attendence", "pk": 1076, "fields": {"adate": "2017-11-06", "atime": "20:16:22", "student": 8, "subject": 1, "division": 4}}, {"model": "attendence.attendence", "pk": 1077, "fields": {"adate": "2017-11-06", "atime": "20:16:22", "student": 9, "subject": 1, "division": 4}}, {"model": "attendence.attendence", "pk": 1078, "fields": {"adate": "2017-11-06", "atime": "20:16:22", "student": 10, "subject": 1, "division": 4}}, {"model": "attendence.attendence", "pk": 1079, "fields": {"adate": "2017-11-06", "atime": "20:16:22", "student": 11, "subject": 1, "division": 4}}, {"model": "attendence.attendence", "pk": 1080, "fields": {"adate": "2017-11-06", "atime": "20:16:22", "student": 12, "subject": 1, "division": 4}}, {"model": "attendence.attendence", "pk": 1081, "fields": {"adate": "2017-11-06", "atime": "20:16:22", "student": 13, "subject": 1, "division": 4}}, {"model": "attendence.attendence", "pk": 1082, "fields": {"adate": "2017-11-06", "atime": "20:16:22", "student": 14, "subject": 1, "division": 4}}, {"model": "attendence.attendence", "pk": 1083, "fields": {"adate": "2017-11-06", "atime": "20:16:22", "student": 15, "subject": 1, "division": 4}}, {"model": "attendence.attendence", "pk": 1084, "fields": {"adate": "2017-11-06", "atime": "20:16:22", "student": 17, "subject": 1, "division": 4}}, {"model": "attendence.attendence", "pk": 1085, "fields": {"adate": "2017-11-06", "atime": "20:16:22", "student": 18, "subject": 1, "division": 4}}, {"model": "attendence.attendence", "pk": 1086, "fields": {"adate": "2017-11-06", "atime": "20:16:22", "student": 19, "subject": 1, "division": 4}}, {"model": "attendence.attendence", "pk": 1087, "fields": {"adate": "2017-11-06", "atime": "20:16:22", "student": 20, "subject": 1, "division": 4}}, {"model": "attendence.attendence", "pk": 1088, "fields": {"adate": "2017-11-06", "atime": "20:16:22", "student": 22, "subject": 1, "division": 4}}, {"model": "attendence.attendence", "pk": 1089, "fields": {"adate": "2017-11-06", "atime": "20:16:22", "student": 23, "subject": 1, "division": 4}}, {"model": "attendence.attendence", "pk": 1090, "fields": {"adate": "2017-11-06", "atime": "20:16:22", "student": 24, "subject": 1, "division": 4}}, {"model": "attendence.attendence", "pk": 1091, "fields": {"adate": "2017-11-06", "atime": "20:16:23", "student": 25, "subject": 1, "division": 4}}, {"model": "attendence.attendence", "pk": 1092, "fields": {"adate": "2017-11-06", "atime": "20:16:23", "student": 26, "subject": 1, "division": 4}}, {"model": "attendence.attendence", "pk": 1093, "fields": {"adate": "2017-11-06", "atime": "20:16:23", "student": 27, "subject": 1, "division": 4}}, {"model": "attendence.attendence", "pk": 1094, "fields": {"adate": "2017-11-06", "atime": "20:16:23", "student": 29, "subject": 1, "division": 4}}, {"model": "attendence.attendence", "pk": 1095, "fields": {"adate": "2017-11-06", "atime": "20:16:23", "student": 30, "subject": 1, "division": 4}}, {"model": "attendence.attendence", "pk": 1096, "fields": {"adate": "2017-11-06", "atime": "20:16:23", "student": 31, "subject": 1, "division": 4}}, {"model": "attendence.attendence", "pk": 1097, "fields": {"adate": "2017-11-06", "atime": "20:16:23", "student": 32, "subject": 1, "division": 4}}, {"model": "attendence.attendence", "pk": 1098, "fields": {"adate": "2017-11-06", "atime": "20:16:23", "student": 33, "subject": 1, "division": 4}}, {"model": "attendence.attendence", "pk": 1099, "fields": {"adate": "2017-11-06", "atime": "20:16:23", "student": 35, "subject": 1, "division": 4}}, {"model": "attendence.attendence", "pk": 1100, "fields": {"adate": "2017-11-06", "atime": "20:16:23", "student": 36, "subject": 1, "division": 4}}, {"model": "attendence.attendence", "pk": 1101, "fields": {"adate": "2017-11-06", "atime": "20:16:23", "student": 37, "subject": 1, "division": 4}}, {"model": "attendence.attendence", "pk": 1102, "fields": {"adate": "2017-11-06", "atime": "20:16:23", "student": 38, "subject": 1, "division": 4}}, {"model": "attendence.attendence", "pk": 1103, "fields": {"adate": "2017-11-06", "atime": "20:16:23", "student": 39, "subject": 1, "division": 4}}, {"model": "attendence.attendence", "pk": 1104, "fields": {"adate": "2017-11-06", "atime": "20:16:23", "student": 40, "subject": 1, "division": 4}}, {"model": "attendence.attendence", "pk": 1105, "fields": {"adate": "2017-11-06", "atime": "20:16:23", "student": 41, "subject": 1, "division": 4}}, {"model": "attendence.attendence", "pk": 1106, "fields": {"adate": "2017-11-06", "atime": "20:16:23", "student": 42, "subject": 1, "division": 4}}, {"model": "attendence.attendence", "pk": 1107, "fields": {"adate": "2017-11-06", "atime": "20:16:23", "student": 43, "subject": 1, "division": 4}}, {"model": "attendence.attendence", "pk": 1108, "fields": {"adate": "2017-11-06", "atime": "20:16:23", "student": 44, "subject": 1, "division": 4}}, {"model": "attendence.attendence", "pk": 1109, "fields": {"adate": "2017-11-06", "atime": "20:16:23", "student": 45, "subject": 1, "division": 4}}, {"model": "attendence.attendence", "pk": 1110, "fields": {"adate": "2017-11-06", "atime": "20:16:23", "student": 46, "subject": 1, "division": 4}}, {"model": "attendence.attendence", "pk": 1111, "fields": {"adate": "2017-11-06", "atime": "20:16:23", "student": 47, "subject": 1, "division": 4}}, {"model": "attendence.attendence", "pk": 1112, "fields": {"adate": "2017-11-06", "atime": "20:16:23", "student": 49, "subject": 1, "division": 4}}, {"model": "attendence.attendence", "pk": 1113, "fields": {"adate": "2017-11-06", "atime": "20:16:23", "student": 50, "subject": 1, "division": 4}}, {"model": "attendence.attendence", "pk": 1114, "fields": {"adate": "2017-11-06", "atime": "20:16:23", "student": 51, "subject": 1, "division": 4}}, {"model": "attendence.attendence", "pk": 1115, "fields": {"adate": "2017-11-06", "atime": "20:16:23", "student": 52, "subject": 1, "division": 4}}, {"model": "attendence.attendence", "pk": 1116, "fields": {"adate": "2017-11-06", "atime": "20:16:23", "student": 53, "subject": 1, "division": 4}}, {"model": "attendence.attendence", "pk": 1117, "fields": {"adate": "2017-11-06", "atime": "20:16:23", "student": 54, "subject": 1, "division": 4}}, {"model": "attendence.attendence", "pk": 1118, "fields": {"adate": "2017-11-06", "atime": "20:16:24", "student": 55, "subject": 1, "division": 4}}, {"model": "attendence.attendence", "pk": 1119, "fields": {"adate": "2017-11-06", "atime": "20:16:24", "student": 56, "subject": 1, "division": 4}}, {"model": "attendence.attendence", "pk": 1120, "fields": {"adate": "2017-11-06", "atime": "20:16:24", "student": 57, "subject": 1, "division": 4}}, {"model": "attendence.attendence", "pk": 1121, "fields": {"adate": "2017-11-06", "atime": "20:16:24", "student": 58, "subject": 1, "division": 4}}, {"model": "attendence.attendence", "pk": 1122, "fields": {"adate": "2017-11-06", "atime": "20:16:24", "student": 59, "subject": 1, "division": 4}}, {"model": "attendence.attendence", "pk": 1123, "fields": {"adate": "2017-11-06", "atime": "20:16:24", "student": 60, "subject": 1, "division": 4}}, {"model": "attendence.attendence", "pk": 1124, "fields": {"adate": "2017-11-06", "atime": "20:16:24", "student": 61, "subject": 1, "division": 4}}, {"model": "attendence.attendence", "pk": 1125, "fields": {"adate": "2017-11-06", "atime": "20:16:24", "student": 62, "subject": 1, "division": 4}}, {"model": "attendence.attendence", "pk": 1126, "fields": {"adate": "2017-11-06", "atime": "20:16:24", "student": 63, "subject": 1, "division": 4}}, {"model": "attendence.attendence", "pk": 1127, "fields": {"adate": "2017-11-06", "atime": "20:16:24", "student": 64, "subject": 1, "division": 4}}, {"model": "attendence.attendence", "pk": 1128, "fields": {"adate": "2017-11-06", "atime": "20:16:24", "student": 65, "subject": 1, "division": 4}}, {"model": "attendence.attendence", "pk": 1129, "fields": {"adate": "2017-11-06", "atime": "20:16:24", "student": 66, "subject": 1, "division": 4}}, {"model": "attendence.attendence", "pk": 1130, "fields": {"adate": "2017-11-06", "atime": "20:16:24", "student": 67, "subject": 1, "division": 4}}, {"model": "attendence.attendence", "pk": 1131, "fields": {"adate": "2017-11-06", "atime": "20:16:24", "student": 68, "subject": 1, "division": 4}}, {"model": "attendence.attendence", "pk": 1132, "fields": {"adate": "2017-11-06", "atime": "20:16:24", "student": 69, "subject": 1, "division": 4}}, {"model": "attendence.attendence", "pk": 1133, "fields": {"adate": "2017-11-06", "atime": "20:16:24", "student": 70, "subject": 1, "division": 4}}, {"model": "attendence.lab", "pk": 15, "fields": {"lname": "Lab-1", "teacher": 1003, "division": 4}}, {"model": "attendence.lab", "pk": 16, "fields": {"lname": "Lab-2", "teacher": 1004, "division": 4}}, {"model": "attendence.lab", "pk": 18, "fields": {"lname": "Lab-3", "teacher": 1001, "division": 4}}, {"model": "attendence.lab1", "pk": 38, "fields": {"lab": 15, "student": 1}}, {"model": "attendence.lab1", "pk": 39, "fields": {"lab": 15, "student": 2}}, {"model": "attendence.lab1", "pk": 40, "fields": {"lab": 15, "student": 3}}, {"model": "attendence.lab1", "pk": 41, "fields": {"lab": 15, "student": 4}}, {"model": "attendence.lab1", "pk": 42, "fields": {"lab": 15, "student": 5}}, {"model": "attendence.lab1", "pk": 43, "fields": {"lab": 15, "student": 6}}, {"model": "attendence.lab1", "pk": 44, "fields": {"lab": 15, "student": 7}}, {"model": "attendence.lab1", "pk": 45, "fields": {"lab": 15, "student": 8}}, {"model": "attendence.lab1", "pk": 46, "fields": {"lab": 15, "student": 9}}, {"model": "attendence.lab1", "pk": 47, "fields": {"lab": 15, "student": 10}}, {"model": "attendence.lab1", "pk": 48, "fields": {"lab": 15, "student": 11}}, {"model": "attendence.lab1", "pk": 49, "fields": {"lab": 15, "student": 12}}, {"model": "attendence.lab1", "pk": 50, "fields": {"lab": 15, "student": 13}}, {"model": "attendence.lab1", "pk": 51, "fields": {"lab": 15, "student": 14}}, {"model": "attendence.lab1", "pk": 52, "fields": {"lab": 15, "student": 15}}, {"model": "attendence.lab1", "pk": 53, "fields": {"lab": 15, "student": 16}}, {"model": "attendence.lab1", "pk": 54, "fields": {"lab": 15, "student": 17}}, {"model": "attendence.lab1", "pk": 55, "fields": {"lab": 16, "student": 18}}, {"model": "attendence.lab1", "pk": 56, "fields": {"lab": 16, "student": 19}}, {"model": "attendence.lab1", "pk": 57, "fields": {"lab": 16, "student": 20}}, {"model": "attendence.lab1", "pk": 58, "fields": {"lab": 16, "student": 21}}, {"model": "attendence.lab1", "pk": 59, "fields": {"lab": 16, "student": 22}}, {"model": "attendence.lab1", "pk": 60, "fields": {"lab": 16, "student": 23}}, {"model": "attendence.lab1", "pk": 61, "fields": {"lab": 16, "student": 24}}, {"model": "attendence.lab1", "pk": 62, "fields": {"lab": 16, "student": 25}}, {"model": "attendence.lab1", "pk": 63, "fields": {"lab": 16, "student": 26}}, {"model": "attendence.lab1", "pk": 64, "fields": {"lab": 16, "student": 27}}, {"model": "attendence.lab1", "pk": 65, "fields": {"lab": 16, "student": 28}}, {"model": "attendence.lab1", "pk": 66, "fields": {"lab": 16, "student": 29}}, {"model": "attendence.lab1", "pk": 67, "fields": {"lab": 16, "student": 30}}, {"model": "attendence.lab1", "pk": 68, "fields": {"lab": 16, "student": 31}}, {"model": "attendence.lab1", "pk": 69, "fields": {"lab": 16, "student": 32}}, {"model": "attendence.lab1", "pk": 70, "fields": {"lab": 16, "student": 33}}, {"model": "attendence.lab1", "pk": 71, "fields": {"lab": 16, "student": 34}}, {"model": "attendence.lab1", "pk": 72, "fields": {"lab": 16, "student": 35}}, {"model": "attendence.lab1", "pk": 73, "fields": {"lab": 18, "student": 1}}, {"model": "attendence.lab1", "pk": 74, "fields": {"lab": 18, "student": 2}}, {"model": "attendence.lab1", "pk": 75, "fields": {"lab": 18, "student": 3}}, {"model": "attendence.lab1", "pk": 76, "fields": {"lab": 18, "student": 4}}, {"model": "attendence.lab1", "pk": 77, "fields": {"lab": 18, "student": 5}}, {"model": "attendence.lab1", "pk": 78, "fields": {"lab": 18, "student": 6}}, {"model": "attendence.lab1", "pk": 79, "fields": {"lab": 18, "student": 7}}, {"model": "attendence.lab1", "pk": 80, "fields": {"lab": 18, "student": 8}}, {"model": "attendence.lab1", "pk": 81, "fields": {"lab": 18, "student": 9}}, {"model": "attendence.lab1", "pk": 82, "fields": {"lab": 18, "student": 10}}, {"model": "attendence.lab1", "pk": 83, "fields": {"lab": 18, "student": 11}}, {"model": "attendence.lab1", "pk": 84, "fields": {"lab": 18, "student": 12}}, {"model": "attendence.lab1", "pk": 85, "fields": {"lab": 18, "student": 13}}, {"model": "attendence.lab1", "pk": 86, "fields": {"lab": 18, "student": 14}}, {"model": "attendence.lab1", "pk": 87, "fields": {"lab": 18, "student": 15}}, {"model": "attendence.lab1", "pk": 88, "fields": {"lab": 18, "student": 16}}, {"model": "attendence.lab1", "pk": 89, "fields": {"lab": 18, "student": 17}}, {"model": "attendence.lab1", "pk": 90, "fields": {"lab": 18, "student": 18}}, {"model": "attendence.lab1", "pk": 91, "fields": {"lab": 18, "student": 19}}, {"model": "attendence.lab1", "pk": 92, "fields": {"lab": 18, "student": 20}}, {"model": "attendence.lattendence", "pk": 15, "fields": {"adate": "2017-10-20", "atime": "06:46:19", "lid": 56}}, {"model": "attendence.lattendence", "pk": 16, "fields": {"adate": "2017-10-20", "atime": "06:46:19", "lid": 57}}, {"model": "attendence.lattendence", "pk": 17, "fields": {"adate": "2017-10-20", "atime": "06:46:19", "lid": 58}}, {"model": "attendence.lattendence", "pk": 18, "fields": {"adate": "2017-10-20", "atime": "06:46:19", "lid": 59}}, {"model": "attendence.lattendence", "pk": 19, "fields": {"adate": "2017-10-20", "atime": "06:46:19", "lid": 61}}, {"model": "attendence.lattendence", "pk": 20, "fields": {"adate": "2017-10-20", "atime": "06:46:19", "lid": 62}}, {"model": "attendence.lattendence", "pk": 21, "fields": {"adate": "2017-10-20", "atime": "06:46:19", "lid": 64}}, {"model": "attendence.lattendence", "pk": 22, "fields": {"adate": "2017-10-20", "atime": "06:46:19", "lid": 65}}, {"model": "attendence.lattendence", "pk": 23, "fields": {"adate": "2017-10-20", "atime": "06:46:19", "lid": 67}}, {"model": "attendence.lattendence", "pk": 24, "fields": {"adate": "2017-10-20", "atime": "06:46:19", "lid": 69}}, {"model": "attendence.lattendence", "pk": 25, "fields": {"adate": "2017-10-20", "atime": "06:46:19", "lid": 70}}, {"model": "attendence.lattendence", "pk": 26, "fields": {"adate": "2017-10-20", "atime": "06:46:19", "lid": 72}}, {"model": "attendence.lattendence", "pk": 27, "fields": {"adate": "2017-10-20", "atime": "06:48:19", "lid": 38}}, {"model": "attendence.lattendence", "pk": 28, "fields": {"adate": "2017-10-20", "atime": "06:48:19", "lid": 39}}, {"model": "attendence.lattendence", "pk": 29, "fields": {"adate": "2017-10-20", "atime": "06:48:19", "lid": 41}}, {"model": "attendence.lattendence", "pk": 30, "fields": {"adate": "2017-10-20", "atime": "06:48:19", "lid": 42}}, {"model": "attendence.lattendence", "pk": 31, "fields": {"adate": "2017-10-20", "atime": "06:48:19", "lid": 43}}, {"model": "attendence.lattendence", "pk": 32, "fields": {"adate": "2017-10-20", "atime": "06:48:19", "lid": 45}}, {"model": "attendence.lattendence", "pk": 33, "fields": {"adate": "2017-10-20", "atime": "06:48:19", "lid": 46}}, {"model": "attendence.lattendence", "pk": 34, "fields": {"adate": "2017-10-20", "atime": "06:48:19", "lid": 47}}, {"model": "attendence.lattendence", "pk": 35, "fields": {"adate": "2017-10-20", "atime": "06:48:19", "lid": 48}}, {"model": "attendence.lattendence", "pk": 36, "fields": {"adate": "2017-10-20", "atime": "06:48:19", "lid": 50}}, {"model": "attendence.lattendence", "pk": 37, "fields": {"adate": "2017-10-20", "atime": "06:48:19", "lid": 51}}, {"model": "attendence.lattendence", "pk": 38, "fields": {"adate": "2017-10-20", "atime": "06:48:19", "lid": 53}}, {"model": "attendence.lattendence", "pk": 39, "fields": {"adate": "2017-10-20", "atime": "06:48:19", "lid": 54}}, {"model": "attendence.lattendence", "pk": 40, "fields": {"adate": "2017-10-23", "atime": "06:48:44", "lid": 38}}, {"model": "attendence.lattendence", "pk": 41, "fields": {"adate": "2017-10-23", "atime": "06:48:45", "lid": 40}}, {"model": "attendence.lattendence", "pk": 42, "fields": {"adate": "2017-10-23", "atime": "06:48:45", "lid": 41}}, {"model": "attendence.lattendence", "pk": 43, "fields": {"adate": "2017-10-23", "atime": "06:48:45", "lid": 42}}, {"model": "attendence.lattendence", "pk": 44, "fields": {"adate": "2017-10-23", "atime": "06:48:45", "lid": 43}}, {"model": "attendence.lattendence", "pk": 45, "fields": {"adate": "2017-10-23", "atime": "06:48:45", "lid": 44}}, {"model": "attendence.lattendence", "pk": 46, "fields": {"adate": "2017-10-23", "atime": "06:48:45", "lid": 45}}, {"model": "attendence.lattendence", "pk": 47, "fields": {"adate": "2017-10-23", "atime": "06:48:45", "lid": 46}}, {"model": "attendence.lattendence", "pk": 48, "fields": {"adate": "2017-10-23", "atime": "06:48:45", "lid": 50}}, {"model": "attendence.lattendence", "pk": 49, "fields": {"adate": "2017-10-23", "atime": "06:48:45", "lid": 51}}, {"model": "attendence.lattendence", "pk": 50, "fields": {"adate": "2017-10-23", "atime": "06:48:45", "lid": 52}}, {"model": "attendence.lattendence", "pk": 51, "fields": {"adate": "2017-10-23", "atime": "06:48:45", "lid": 53}}, {"model": "attendence.lattendence", "pk": 52, "fields": {"adate": "2017-10-24", "atime": "06:49:25", "lid": 38}}, {"model": "attendence.lattendence", "pk": 53, "fields": {"adate": "2017-10-24", "atime": "06:49:25", "lid": 39}}, {"model": "attendence.lattendence", "pk": 54, "fields": {"adate": "2017-10-24", "atime": "06:49:25", "lid": 40}}, {"model": "attendence.lattendence", "pk": 55, "fields": {"adate": "2017-10-24", "atime": "06:49:25", "lid": 42}}, {"model": "attendence.lattendence", "pk": 56, "fields": {"adate": "2017-10-24", "atime": "06:49:25", "lid": 43}}, {"model": "attendence.lattendence", "pk": 57, "fields": {"adate": "2017-10-24", "atime": "06:49:25", "lid": 44}}, {"model": "attendence.lattendence", "pk": 58, "fields": {"adate": "2017-10-24", "atime": "06:49:25", "lid": 45}}, {"model": "attendence.lattendence", "pk": 59, "fields": {"adate": "2017-10-24", "atime": "06:49:25", "lid": 47}}, {"model": "attendence.lattendence", "pk": 60, "fields": {"adate": "2017-10-24", "atime": "06:49:25", "lid": 48}}, {"model": "attendence.lattendence", "pk": 61, "fields": {"adate": "2017-10-24", "atime": "06:49:25", "lid": 49}}, {"model": "attendence.lattendence", "pk": 62, "fields": {"adate": "2017-10-24", "atime": "06:49:25", "lid": 50}}, {"model": "attendence.lattendence", "pk": 63, "fields": {"adate": "2017-10-24", "atime": "06:49:25", "lid": 51}}, {"model": "attendence.lattendence", "pk": 64, "fields": {"adate": "2017-10-24", "atime": "06:49:25", "lid": 53}}, {"model": "attendence.lattendence", "pk": 65, "fields": {"adate": "2017-10-24", "atime": "07:10:25", "lid": 55}}, {"model": "attendence.lattendence", "pk": 66, "fields": {"adate": "2017-10-24", "atime": "07:10:25", "lid": 56}}, {"model": "attendence.lattendence", "pk": 67, "fields": {"adate": "2017-10-24", "atime": "07:10:25", "lid": 58}}, {"model": "attendence.lattendence", "pk": 68, "fields": {"adate": "2017-10-24", "atime": "07:10:25", "lid": 59}}, {"model": "attendence.lattendence", "pk": 69, "fields": {"adate": "2017-10-24", "atime": "07:10:25", "lid": 60}}, {"model": "attendence.lattendence", "pk": 70, "fields": {"adate": "2017-10-24", "atime": "07:10:25", "lid": 61}}, {"model": "attendence.lattendence", "pk": 71, "fields": {"adate": "2017-10-24", "atime": "07:10:25", "lid": 63}}, {"model": "attendence.lattendence", "pk": 72, "fields": {"adate": "2017-10-24", "atime": "07:10:25", "lid": 64}}, {"model": "attendence.lattendence", "pk": 73, "fields": {"adate": "2017-10-24", "atime": "07:10:25", "lid": 65}}, {"model": "attendence.lattendence", "pk": 74, "fields": {"adate": "2017-10-24", "atime": "07:10:25", "lid": 67}}, {"model": "attendence.lattendence", "pk": 75, "fields": {"adate": "2017-10-24", "atime": "07:10:26", "lid": 68}}, {"model": "attendence.lattendence", "pk": 76, "fields": {"adate": "2017-10-24", "atime": "07:10:26", "lid": 69}}, {"model": "attendence.lattendence", "pk": 77, "fields": {"adate": "2017-10-24", "atime": "07:10:26", "lid": 70}}, {"model": "attendence.lattendence", "pk": 78, "fields": {"adate": "2017-10-24", "atime": "07:10:26", "lid": 71}}, {"model": "attendence.lattendence", "pk": 79, "fields": {"adate": "2017-10-24", "atime": "07:10:26", "lid": 72}}, {"model": "attendence.lattendence", "pk": 109, "fields": {"adate": "2017-11-05", "atime": "14:43:46", "lid": 40}}, {"model": "attendence.lattendence", "pk": 110, "fields": {"adate": "2017-11-05", "atime": "14:43:46", "lid": 46}}, {"model": "attendence.lattendence", "pk": 111, "fields": {"adate": "2017-11-05", "atime": "14:43:46", "lid": 52}}, {"model": "attendence.lattendence", "pk": 112, "fields": {"adate": "2017-11-04", "atime": "14:44:49", "lid": 38}}, {"model": "attendence.lattendence", "pk": 113, "fields": {"adate": "2017-11-04", "atime": "14:44:49", "lid": 39}}, {"model": "attendence.lattendence", "pk": 114, "fields": {"adate": "2017-11-04", "atime": "14:44:49", "lid": 41}}, {"model": "attendence.lattendence", "pk": 115, "fields": {"adate": "2017-11-04", "atime": "14:44:49", "lid": 42}}, {"model": "attendence.lattendence", "pk": 116, "fields": {"adate": "2017-11-04", "atime": "14:44:49", "lid": 43}}, {"model": "attendence.lattendence", "pk": 117, "fields": {"adate": "2017-11-04", "atime": "14:44:49", "lid": 44}}, {"model": "attendence.lattendence", "pk": 118, "fields": {"adate": "2017-11-04", "atime": "14:44:49", "lid": 45}}, {"model": "attendence.lattendence", "pk": 119, "fields": {"adate": "2017-11-04", "atime": "14:44:49", "lid": 46}}, {"model": "attendence.lattendence", "pk": 120, "fields": {"adate": "2017-11-04", "atime": "14:44:49", "lid": 47}}, {"model": "attendence.lattendence", "pk": 121, "fields": {"adate": "2017-11-04", "atime": "14:44:50", "lid": 48}}, {"model": "attendence.lattendence", "pk": 122, "fields": {"adate": "2017-11-04", "atime": "14:44:50", "lid": 49}}, {"model": "attendence.lattendence", "pk": 123, "fields": {"adate": "2017-11-04", "atime": "14:44:50", "lid": 50}}, {"model": "attendence.lattendence", "pk": 124, "fields": {"adate": "2017-11-04", "atime": "14:44:50", "lid": 51}}, {"model": "attendence.lattendence", "pk": 125, "fields": {"adate": "2017-11-04", "atime": "14:44:50", "lid": 53}}, {"model": "attendence.lattendence", "pk": 126, "fields": {"adate": "2017-11-04", "atime": "14:44:50", "lid": 54}}, {"model": "attendence.lattendence", "pk": 144, "fields": {"adate": "2017-11-06", "atime": "20:26:49", "lid": 73}}, {"model": "attendence.lattendence", "pk": 145, "fields": {"adate": "2017-11-06", "atime": "20:26:49", "lid": 74}}, {"model": "attendence.lattendence", "pk": 146, "fields": {"adate": "2017-11-06", "atime": "20:26:49", "lid": 76}}, {"model": "attendence.lattendence", "pk": 147, "fields": {"adate": "2017-11-06", "atime": "20:26:49", "lid": 77}}, {"model": "attendence.lattendence", "pk": 148, "fields": {"adate": "2017-11-06", "atime": "20:26:49", "lid": 78}}, {"model": "attendence.lattendence", "pk": 149, "fields": {"adate": "2017-11-06", "atime": "20:26:49", "lid": 79}}, {"model": "attendence.lattendence", "pk": 150, "fields": {"adate": "2017-11-06", "atime": "20:26:49", "lid": 80}}, {"model": "attendence.lattendence", "pk": 151, "fields": {"adate": "2017-11-06", "atime": "20:26:49", "lid": 81}}, {"model": "attendence.lattendence", "pk": 152, "fields": {"adate": "2017-11-06", "atime": "20:26:49", "lid": 82}}, {"model": "attendence.lattendence", "pk": 153, "fields": {"adate": "2017-11-06", "atime": "20:26:49", "lid": 83}}, {"model": "attendence.lattendence", "pk": 154, "fields": {"adate": "2017-11-06", "atime": "20:26:49", "lid": 84}}, {"model": "attendence.lattendence", "pk": 155, "fields": {"adate": "2017-11-06", "atime": "20:26:49", "lid": 85}}, {"model": "attendence.lattendence", "pk": 156, "fields": {"adate": "2017-11-06", "atime": "20:26:49", "lid": 86}}, {"model": "attendence.lattendence", "pk": 157, "fields": {"adate": "2017-11-06", "atime": "20:26:50", "lid": 88}}, {"model": "attendence.lattendence", "pk": 158, "fields": {"adate": "2017-11-06", "atime": "20:26:50", "lid": 89}}, {"model": "attendence.lattendence", "pk": 159, "fields": {"adate": "2017-11-06", "atime": "20:26:50", "lid": 91}}, {"model": "attendence.lattendence", "pk": 160, "fields": {"adate": "2017-11-06", "atime": "20:26:50", "lid": 92}}, {"model": "attendence.mail", "pk": 1, "fields": {"sender": 1, "subject": "Students Added", "message": "Students added to course BSc (Computer Science) of class SYBsc of division Div B", "mdate": "2017-10-25", "mtime": "04:03:08"}}, {"model": "attendence.mail", "pk": 2, "fields": {"sender": 1, "subject": "Teacher Added", "message": "Prof. C.S.Nimkar teacher added.", "mdate": "2017-10-25", "mtime": "04:04:12"}}, {"model": "attendence.mail", "pk": 3, "fields": {"sender": 1, "subject": "Teacher Added", "message": "Prof. N.D.Abhyankar teacher added.", "mdate": "2017-10-25", "mtime": "04:04:50"}}, {"model": "attendence.mail", "pk": 4, "fields": {"sender": 1, "subject": "Teacher Added", "message": "Prof. Poonam Ponde teacher added.", "mdate": "2017-10-25", "mtime": "04:05:16"}}, {"model": "attendence.mail", "pk": 5, "fields": {"sender": 1, "subject": "Teacher Added", "message": "Prof. Prachi Patekar teacher added.", "mdate": "2017-10-25", "mtime": "04:05:48"}}, {"model": "attendence.mail", "pk": 6, "fields": {"sender": 1, "subject": "Subject Added", "message": "Applied Algebra subject added to SYBSc", "mdate": "2017-10-25", "mtime": "04:08:31"}}, {"model": "attendence.mail", "pk": 7, "fields": {"sender": 1, "subject": "Subject Added", "message": "Numerical Analysis subject added to SYBSc", "mdate": "2017-10-25", "mtime": "04:09:02"}}, {"model": "attendence.mail", "pk": 8, "fields": {"sender": 1, "subject": "Subject Added", "message": "Data Structure subject added to SYBSc", "mdate": "2017-10-25", "mtime": "04:09:54"}}, {"model": "attendence.mail", "pk": 9, "fields": {"sender": 1, "subject": "Teacher Added", "message": "Prof. Reena Bharati teacher added.", "mdate": "2017-10-25", "mtime": "04:11:15"}}, {"model": "attendence.mail", "pk": 10, "fields": {"sender": 1, "subject": "Subject Added", "message": "RDBMS subject added to SYBSc", "mdate": "2017-10-25", "mtime": "04:11:44"}}, {"model": "attendence.mail", "pk": 11, "fields": {"sender": 1001, "subject": "Attendence Added", "message": "Applied Algebra attendece added for division Div B, Date:2017-10-23", "mdate": "2017-10-25", "mtime": "04:20:26"}}, {"model": "attendence.mail", "pk": 12, "fields": {"sender": 1001, "subject": "Attendence Added", "message": "Applied Algebra attendece added for division Div B, Date:2017-10-24", "mdate": "2017-10-25", "mtime": "04:21:30"}}, {"model": "attendence.mail", "pk": 13, "fields": {"sender": 1001, "subject": "Attendence Added", "message": "Applied Algebra attendece added for division Div B, Date:2017-10-25", "mdate": "2017-10-25", "mtime": "04:22:43"}}, {"model": "attendence.mail", "pk": 14, "fields": {"sender": 1001, "subject": "Attendence Added", "message": "Numerical Analysis attendece added for division Div B, Date:2017-10-23", "mdate": "2017-10-25", "mtime": "04:23:38"}}, {"model": "attendence.mail", "pk": 15, "fields": {"sender": 1001, "subject": "Attendence Added", "message": "Numerical Analysis attendece added for division Div B, Date:2017-10-24", "mdate": "2017-10-25", "mtime": "04:24:12"}}, {"model": "attendence.mail", "pk": 16, "fields": {"sender": 1001, "subject": "Attendence Added", "message": "Numerical Analysis attendece added for division Div B, Date:2017-10-25", "mdate": "2017-10-25", "mtime": "04:24:41"}}, {"model": "attendence.mail", "pk": 17, "fields": {"sender": 1003, "subject": "Attendence Added", "message": "Data Structure attendece added for division Div B, Date:2017-10-23", "mdate": "2017-10-25", "mtime": "04:26:13"}}, {"model": "attendence.mail", "pk": 18, "fields": {"sender": 1003, "subject": "Attendence Added", "message": "Data Structure attendece added for division Div B, Date:2017-10-24", "mdate": "2017-10-25", "mtime": "04:26:42"}}, {"model": "attendence.mail", "pk": 19, "fields": {"sender": 1003, "subject": "Attendence Added", "message": "Data Structure attendece added for division Div B, Date:2017-10-25", "mdate": "2017-10-25", "mtime": "04:27:22"}}, {"model": "attendence.mail", "pk": 20, "fields": {"sender": 1004, "subject": "Attendence Added", "message": "RDBMS attendece added for division Div B, Date:2017-10-23", "mdate": "2017-10-25", "mtime": "04:28:25"}}, {"model": "attendence.mail", "pk": 21, "fields": {"sender": 1004, "subject": "Attendence Added", "message": "RDBMS attendece added for division Div B, Date:2017-10-24", "mdate": "2017-10-25", "mtime": "04:29:02"}}, {"model": "attendence.mail", "pk": 22, "fields": {"sender": 1004, "subject": "Attendence Added", "message": "RDBMS attendece added for division Div B, Date:2017-10-25", "mdate": "2017-10-25", "mtime": "04:29:34"}}, {"model": "attendence.mail", "pk": 23, "fields": {"sender": 1001, "subject": "Attendence Added", "message": "Numerical Analysis attendece added for division Div B, Date:2017-10-20", "mdate": "2017-10-25", "mtime": "04:33:29"}}, {"model": "attendence.mail", "pk": 24, "fields": {"sender": 1, "subject": "Lab Added", "message": "Lab-1 lab added to SYBSc", "mdate": "2017-10-25", "mtime": "05:46:35"}}, {"model": "attendence.mail", "pk": 25, "fields": {"sender": 1, "subject": "Lab Added", "message": "Lab-2 lab added to SYBSc", "mdate": "2017-10-25", "mtime": "05:49:05"}}, {"model": "attendence.mail", "pk": 26, "fields": {"sender": 1, "subject": "Lab Added", "message": "Lab-1 lab added to SYBSc", "mdate": "2017-10-25", "mtime": "05:50:30"}}, {"model": "attendence.mail", "pk": 27, "fields": {"sender": 1, "subject": "Lab Added", "message": "Lab-2 lab added to SYBSc", "mdate": "2017-10-25", "mtime": "05:51:18"}}, {"model": "attendence.mail", "pk": 28, "fields": {"sender": 1004, "subject": "Lab Attendence Added", "message": "Lab-2 attendece added of division Div B, Date:2017-10-20", "mdate": "2017-10-25", "mtime": "06:46:19"}}, {"model": "attendence.mail", "pk": 29, "fields": {"sender": 1003, "subject": "Lab Attendence Added", "message": "Lab-1 attendece added of division Div B, Date:2017-10-20", "mdate": "2017-10-25", "mtime": "06:48:19"}}, {"model": "attendence.mail", "pk": 30, "fields": {"sender": 1003, "subject": "Lab Attendence Added", "message": "Lab-1 attendece added of division Div B, Date:2017-10-23", "mdate": "2017-10-25", "mtime": "06:48:45"}}, {"model": "attendence.mail", "pk": 31, "fields": {"sender": 1003, "subject": "Lab Attendence Added", "message": "Lab-1 attendece added of division Div B, Date:2017-10-24", "mdate": "2017-10-25", "mtime": "06:49:25"}}, {"model": "attendence.mail", "pk": 32, "fields": {"sender": 1004, "subject": "Lab Attendence Added", "message": "Lab-2 attendece added of division Div B, Date:2017-10-24", "mdate": "2017-10-25", "mtime": "07:10:26"}}, {"model": "attendence.mail", "pk": 33, "fields": {"sender": 1, "subject": "Teacher Added", "message": "Prof. Prachi Patekar teacher added.", "mdate": "2017-10-25", "mtime": "12:10:36"}}, {"model": "attendence.mail", "pk": 34, "fields": {"sender": 1003, "subject": "Attendence Added", "message": "Data Structure attendece added for division Div B, Date:2017-11-04", "mdate": "2017-11-04", "mtime": "19:27:35"}}, {"model": "attendence.mail", "pk": 35, "fields": {"sender": 1003, "subject": "Attendence Updated", "message": "Data Structure attendece updated for division Div B, Date:2017-11-04", "mdate": "2017-11-05", "mtime": "11:11:59"}}, {"model": "attendence.mail", "pk": 36, "fields": {"sender": 1003, "subject": "Lab Attendence Added", "message": "Lab-1 attendece added of division Div B, Date:2017-11-04", "mdate": "2017-11-05", "mtime": "14:26:16"}}, {"model": "attendence.mail", "pk": 37, "fields": {"sender": 1003, "subject": "Lab Attendence Updated", "message": "Lab-1 attendece updated of division Div B, Date:2017-11-04", "mdate": "2017-11-05", "mtime": "14:41:38"}}, {"model": "attendence.mail", "pk": 38, "fields": {"sender": 1003, "subject": "Lab Attendence Updated", "message": "Lab-1 attendece updated of division Div B, Date:2017-11-04", "mdate": "2017-11-05", "mtime": "14:42:44"}}, {"model": "attendence.mail", "pk": 39, "fields": {"sender": 1003, "subject": "Lab Attendence Added", "message": "Lab-1 attendece added of division Div B, Date:2017-11-05", "mdate": "2017-11-05", "mtime": "14:43:46"}}, {"model": "attendence.mail", "pk": 40, "fields": {"sender": 1003, "subject": "Lab Attendence Updated", "message": "Lab-1 attendece updated of division Div B, Date:2017-11-04", "mdate": "2017-11-05", "mtime": "14:44:50"}}, {"model": "attendence.mail", "pk": 41, "fields": {"sender": 1001, "subject": "Attendence Added", "message": "Applied Algebra attendece added for division Div B, Date:2017-11-06", "mdate": "2017-11-05", "mtime": "19:43:57"}}, {"model": "attendence.mail", "pk": 42, "fields": {"sender": 1, "subject": "Lab Added", "message": "Lab-3 lab added to SYBSc", "mdate": "2017-11-05", "mtime": "19:54:52"}}, {"model": "attendence.mail", "pk": 43, "fields": {"sender": 1, "subject": "Lab Added", "message": "Lab-3 lab added to SYBSc", "mdate": "2017-11-05", "mtime": "20:05:53"}}, {"model": "attendence.mail", "pk": 44, "fields": {"sender": 1001, "subject": "Lab Attendence Added", "message": "Lab-3 attendece added of division Div B, Date:2017-11-06", "mdate": "2017-11-05", "mtime": "20:06:50"}}, {"model": "attendence.mail", "pk": 45, "fields": {"sender": 1001, "subject": "Attendence Added", "message": "Applied Algebra attendece added for division Div B, Date:2017-11-06", "mdate": "2017-11-05", "mtime": "20:08:13"}}, {"model": "attendence.mail", "pk": 46, "fields": {"sender": 1001, "subject": "Attendence Updated", "message": "Applied Algebra attendece updated for division Div B, Date:2017-11-06", "mdate": "2017-11-05", "mtime": "20:16:24"}}, {"model": "attendence.mail", "pk": 47, "fields": {"sender": 1001, "subject": "Lab Attendence Updated", "message": "Lab-3 attendece updated of division Div B, Date:2017-11-06", "mdate": "2017-11-05", "mtime": "20:26:50"}}, {"model": "attendence.mail", "pk": 48, "fields": {"sender": 1, "subject": "Teacher Added", "message": "Prof. Nagare S.B. teacher added.", "mdate": "2017-11-07", "mtime": "10:27:50"}}, {"model": "attendence.mail", "pk": 49, "fields": {"sender": 1, "subject": "Backup Successful", "message": "Backup Successful..", "mdate": "2017-11-07", "mtime": "11:31:21"}}, {"model": "auth.permission", "pk": 1, "fields": {"name": "Can add log entry", "content_type": 1, "codename": "add_logentry"}}, {"model": "auth.permission", "pk": 2, "fields": {"name": "Can change log entry", "content_type": 1, "codename": "change_logentry"}}, {"model": "auth.permission", "pk": 3, "fields": {"name": "Can delete log entry", "content_type": 1, "codename": "delete_logentry"}}, {"model": "auth.permission", "pk": 4, "fields": {"name": "Can add permission", "content_type": 2, "codename": "add_permission"}}, {"model": "auth.permission", "pk": 5, "fields": {"name": "Can change permission", "content_type": 2, "codename": "change_permission"}}, {"model": "auth.permission", "pk": 6, "fields": {"name": "Can delete permission", "content_type": 2, "codename": "delete_permission"}}, {"model": "auth.permission", "pk": 7, "fields": {"name": "Can add group", "content_type": 3, "codename": "add_group"}}, {"model": "auth.permission", "pk": 8, "fields": {"name": "Can change group", "content_type": 3, "codename": "change_group"}}, {"model": "auth.permission", "pk": 9, "fields": {"name": "Can delete group", "content_type": 3, "codename": "delete_group"}}, {"model": "auth.permission", "pk": 10, "fields": {"name": "Can add user", "content_type": 4, "codename": "add_user"}}, {"model": "auth.permission", "pk": 11, "fields": {"name": "Can change user", "content_type": 4, "codename": "change_user"}}, {"model": "auth.permission", "pk": 12, "fields": {"name": "Can delete user", "content_type": 4, "codename": "delete_user"}}, {"model": "auth.permission", "pk": 13, "fields": {"name": "Can add content type", "content_type": 5, "codename": "add_contenttype"}}, {"model": "auth.permission", "pk": 14, "fields": {"name": "Can change content type", "content_type": 5, "codename": "change_contenttype"}}, {"model": "auth.permission", "pk": 15, "fields": {"name": "Can delete content type", "content_type": 5, "codename": "delete_contenttype"}}, {"model": "auth.permission", "pk": 16, "fields": {"name": "Can add session", "content_type": 6, "codename": "add_session"}}, {"model": "auth.permission", "pk": 17, "fields": {"name": "Can change session", "content_type": 6, "codename": "change_session"}}, {"model": "auth.permission", "pk": 18, "fields": {"name": "Can delete session", "content_type": 6, "codename": "delete_session"}}, {"model": "auth.permission", "pk": 19, "fields": {"name": "Can add admin", "content_type": 7, "codename": "add_admin"}}, {"model": "auth.permission", "pk": 20, "fields": {"name": "Can change admin", "content_type": 7, "codename": "change_admin"}}, {"model": "auth.permission", "pk": 21, "fields": {"name": "Can delete admin", "content_type": 7, "codename": "delete_admin"}}, {"model": "auth.permission", "pk": 22, "fields": {"name": "Can add mail", "content_type": 8, "codename": "add_mail"}}, {"model": "auth.permission", "pk": 23, "fields": {"name": "Can change mail", "content_type": 8, "codename": "change_mail"}}, {"model": "auth.permission", "pk": 24, "fields": {"name": "Can delete mail", "content_type": 8, "codename": "delete_mail"}}, {"model": "auth.permission", "pk": 25, "fields": {"name": "Can add teacher", "content_type": 9, "codename": "add_teacher"}}, {"model": "auth.permission", "pk": 26, "fields": {"name": "Can change teacher", "content_type": 9, "codename": "change_teacher"}}, {"model": "auth.permission", "pk": 27, "fields": {"name": "Can delete teacher", "content_type": 9, "codename": "delete_teacher"}}, {"model": "auth.permission", "pk": 28, "fields": {"name": "Can add lab", "content_type": 10, "codename": "add_lab"}}, {"model": "auth.permission", "pk": 29, "fields": {"name": "Can change lab", "content_type": 10, "codename": "change_lab"}}, {"model": "auth.permission", "pk": 30, "fields": {"name": "Can delete lab", "content_type": 10, "codename": "delete_lab"}}, {"model": "auth.permission", "pk": 31, "fields": {"name": "Can add attendence", "content_type": 11, "codename": "add_attendence"}}, {"model": "auth.permission", "pk": 32, "fields": {"name": "Can change attendence", "content_type": 11, "codename": "change_attendence"}}, {"model": "auth.permission", "pk": 33, "fields": {"name": "Can delete attendence", "content_type": 11, "codename": "delete_attendence"}}, {"model": "auth.permission", "pk": 34, "fields": {"name": "Can add course", "content_type": 12, "codename": "add_course"}}, {"model": "auth.permission", "pk": 35, "fields": {"name": "Can change course", "content_type": 12, "codename": "change_course"}}, {"model": "auth.permission", "pk": 36, "fields": {"name": "Can delete course", "content_type": 12, "codename": "delete_course"}}, {"model": "auth.permission", "pk": 37, "fields": {"name": "Can add lattendence", "content_type": 13, "codename": "add_lattendence"}}, {"model": "auth.permission", "pk": 38, "fields": {"name": "Can change lattendence", "content_type": 13, "codename": "change_lattendence"}}, {"model": "auth.permission", "pk": 39, "fields": {"name": "Can delete lattendence", "content_type": 13, "codename": "delete_lattendence"}}, {"model": "auth.permission", "pk": 40, "fields": {"name": "Can add division", "content_type": 14, "codename": "add_division"}}, {"model": "auth.permission", "pk": 41, "fields": {"name": "Can change division", "content_type": 14, "codename": "change_division"}}, {"model": "auth.permission", "pk": 42, "fields": {"name": "Can delete division", "content_type": 14, "codename": "delete_division"}}, {"model": "auth.permission", "pk": 43, "fields": {"name": "Can add classes", "content_type": 15, "codename": "add_classes"}}, {"model": "auth.permission", "pk": 44, "fields": {"name": "Can change classes", "content_type": 15, "codename": "change_classes"}}, {"model": "auth.permission", "pk": 45, "fields": {"name": "Can delete classes", "content_type": 15, "codename": "delete_classes"}}, {"model": "auth.permission", "pk": 46, "fields": {"name": "Can add lab1", "content_type": 16, "codename": "add_lab1"}}, {"model": "auth.permission", "pk": 47, "fields": {"name": "Can change lab1", "content_type": 16, "codename": "change_lab1"}}, {"model": "auth.permission", "pk": 48, "fields": {"name": "Can delete lab1", "content_type": 16, "codename": "delete_lab1"}}, {"model": "auth.permission", "pk": 49, "fields": {"name": "Can add labtimetable", "content_type": 17, "codename": "add_labtimetable"}}, {"model": "auth.permission", "pk": 50, "fields": {"name": "Can change labtimetable", "content_type": 17, "codename": "change_labtimetable"}}, {"model": "auth.permission", "pk": 51, "fields": {"name": "Can delete labtimetable", "content_type": 17, "codename": "delete_labtimetable"}}, {"model": "auth.permission", "pk": 52, "fields": {"name": "Can add subject", "content_type": 18, "codename": "add_subject"}}, {"model": "auth.permission", "pk": 53, "fields": {"name": "Can change subject", "content_type": 18, "codename": "change_subject"}}, {"model": "auth.permission", "pk": 54, "fields": {"name": "Can delete subject", "content_type": 18, "codename": "delete_subject"}}, {"model": "auth.permission", "pk": 55, "fields": {"name": "Can add student", "content_type": 19, "codename": "add_student"}}, {"model": "auth.permission", "pk": 56, "fields": {"name": "Can change student", "content_type": 19, "codename": "change_student"}}, {"model": "auth.permission", "pk": 57, "fields": {"name": "Can delete student", "content_type": 19, "codename": "delete_student"}}, {"model": "auth.permission", "pk": 58, "fields": {"name": "Can add divtimetable", "content_type": 20, "codename": "add_divtimetable"}}, {"model": "auth.permission", "pk": 59, "fields": {"name": "Can change divtimetable", "content_type": 20, "codename": "change_divtimetable"}}, {"model": "auth.permission", "pk": 60, "fields": {"name": "Can delete divtimetable", "content_type": 20, "codename": "delete_divtimetable"}}]